<Attribute>
  <UUID>{af13f900-2798-4e12-bc52-ea2aea8f7cb8}</UUID>
  <VersionUUID>{2ef782b7-fcc3-4831-a665-2021cc4db474}</VersionUUID>
  <Name>Report</Name>
  <ValueType>AttributeVector</ValueType>
  <Value>
    <Attribute>
      <UUID>{b68487ba-384a-4f23-b276-b5e79255a979}</UUID>
      <VersionUUID>{2a2644ac-bc13-4739-8a00-3598e9a7018e}</VersionUUID>
      <Name>Total Site Energy</Name>
      <Source>OpenStudioPostProcess</Source>
      <ValueType>Double</ValueType>
      <Value>2023.74</Value>
      <Units>GJ</Units>
    </Attribute>
    <Attribute>
      <UUID>{17a152b4-40a9-4ea3-b780-cb464cf833f5}</UUID>
      <VersionUUID>{04c974f1-3bb5-460e-a55c-f88b2322fe86}</VersionUUID>
      <Name>Net Site Energy</Name>
      <Source>OpenStudioPostProcess</Source>
      <ValueType>Double</ValueType>
      <Value>2023.74</Value>
      <Units>GJ</Units>
    </Attribute>
    <Attribute>
      <UUID>{3d992158-836f-4f08-a7e6-6109b6245891}</UUID>
      <VersionUUID>{bfbe386d-dd03-4941-8a6d-da3ee1a74585}</VersionUUID>
      <Name>Total Source Energy</Name>
      <Source>OpenStudioPostProcess</Source>
      <ValueType>Double</ValueType>
      <Value>5899.01</Value>
      <Units>GJ</Units>
    </Attribute>
    <Attribute>
      <UUID>{5598d565-b05b-4717-a4ed-3b84aa7dbde0}</UUID>
      <VersionUUID>{65ea40be-7857-4505-9343-0e88dae5aeab}</VersionUUID>
      <Name>Net Source Energy</Name>
      <Source>OpenStudioPostProcess</Source>
      <ValueType>Double</ValueType>
      <Value>5899.01</Value>
      <Units>GJ</Units>
    </Attribute>
    <Attribute>
      <UUID>{a8906f60-eeee-4ed4-b802-d4a2a615a7f8}</UUID>
      <VersionUUID>{9f4be757-913b-4ebe-8d5b-99b7d638d413}</VersionUUID>
      <Name>Net Site Energy Use Intensity</Name>
      <Source>OpenStudioPostProcess</Source>
      <ValueType>Double</ValueType>
      <Value>494.08</Value>
      <Units>MJ/m^2</Units>
    </Attribute>
    <Attribute>
      <UUID>{e4776a21-6780-44ce-8e2b-868c8a2f434b}</UUID>
      <VersionUUID>{54329963-5ed9-4a83-9768-30781f9c5602}</VersionUUID>
      <Name>Instantaneous Peak Electricity Demand</Name>
      <Source>OpenStudioPostProcess</Source>
      <ValueType>Double</ValueType>
      <Value>61474.39</Value>
      <Units>kW</Units>
    </Attribute>
    <Attribute>
      <UUID>{d0aa0a5d-3632-4b77-801d-3fab2ccb2afd}</UUID>
      <VersionUUID>{0e98b241-6eb2-4791-a8b6-45e070bc7429}</VersionUUID>
      <Name>Electricity Total End Uses</Name>
      <Source>OpenStudioPostProcess</Source>
      <ValueType>Double</ValueType>
      <Value>932.57</Value>
      <Units>GJ</Units>
    </Attribute>
    <Attribute>
      <UUID>{590f1fc4-a364-4349-a98e-5ce8dc2dbbf1}</UUID>
      <VersionUUID>{643ab6b6-a648-4d42-8e84-3c988e484ca0}</VersionUUID>
      <Name>Natural Gas Total End Uses</Name>
      <Source>OpenStudioPostProcess</Source>
      <ValueType>Double</ValueType>
      <Value>0</Value>
      <Units>GJ</Units>
    </Attribute>
    <Attribute>
      <UUID>{a5dc7033-2402-4a55-b643-1ef71f5652a2}</UUID>
      <VersionUUID>{150684be-5d61-4e17-ad42-9b495c5b5f7c}</VersionUUID>
      <Name>District Cooling Total End Uses</Name>
      <Source>OpenStudioPostProcess</Source>
      <ValueType>Double</ValueType>
      <Value>389.88</Value>
      <Units>GJ</Units>
    </Attribute>
    <Attribute>
      <UUID>{d3490524-e030-490a-861a-f26834c9ffcc}</UUID>
      <VersionUUID>{3ab83776-4a86-4462-851a-db41cd502262}</VersionUUID>
      <Name>District Heating Total End Uses</Name>
      <Source>OpenStudioPostProcess</Source>
      <ValueType>Double</ValueType>
      <Value>701.29</Value>
      <Units>GJ</Units>
    </Attribute>
    <Attribute>
      <UUID>{1a31feaf-e4c2-43a1-b125-baac1b0623ff}</UUID>
      <VersionUUID>{ae300f21-01b8-492b-901f-fa696561b970}</VersionUUID>
      <Name>Other Fuel Total End Uses</Name>
      <Source>OpenStudioPostProcess</Source>
      <ValueType>Double</ValueType>
      <Value>0</Value>
      <Units>GJ</Units>
    </Attribute>
    <Attribute>
      <UUID>{e52a1436-2e18-45a1-a348-56df93545ac4}</UUID>
      <VersionUUID>{c35e8ba3-a14f-447d-8223-9b9ba0a52d32}</VersionUUID>
      <Name>EndUses.Electricity.InteriorLights.General</Name>
      <Source>OpenStudioPostProcess</Source>
      <ValueType>Double</ValueType>
      <Value>495.39</Value>
      <Units>GJ</Units>
    </Attribute>
    <Attribute>
      <UUID>{1bda4046-4b07-4ca2-b943-b50887e3d674}</UUID>
      <VersionUUID>{fcae1a8e-edc0-4584-a7c0-13c48284f3ab}</VersionUUID>
      <Name>EndUses.Electricity.InteriorEquipment.General</Name>
      <Source>OpenStudioPostProcess</Source>
      <ValueType>Double</ValueType>
      <Value>437.18</Value>
      <Units>GJ</Units>
    </Attribute>
    <Attribute>
      <UUID>{a259ba06-af24-43c5-9f17-7baad6269224}</UUID>
      <VersionUUID>{acd994c8-31ba-4778-8189-dc0da32c9c6e}</VersionUUID>
      <Name>EndUses.DistrictCooling.Cooling.General</Name>
      <Source>OpenStudioPostProcess</Source>
      <ValueType>Double</ValueType>
      <Value>389.88</Value>
      <Units>GJ</Units>
    </Attribute>
    <Attribute>
      <UUID>{057019cd-939c-453a-b277-ef24b1e03f89}</UUID>
      <VersionUUID>{27780cbf-f399-4b7c-b793-84aef06422a6}</VersionUUID>
      <Name>EndUses.DistrictHeating.Heating.General</Name>
      <Source>OpenStudioPostProcess</Source>
      <ValueType>Double</ValueType>
      <Value>701.29</Value>
      <Units>GJ</Units>
    </Attribute>
    <Attribute>
      <UUID>{9347fb8d-469d-4ee1-97a2-5b0e7b06c3c0}</UUID>
      <VersionUUID>{962c4e47-5e34-48b4-b403-e6f2e7812740}</VersionUUID>
      <Name>First Year Capital Costs</Name>
      <Source>OpenStudioPostProcess</Source>
      <ValueType>Double</ValueType>
      <Value>0</Value>
      <Units>$</Units>
    </Attribute>
    <Attribute>
      <UUID>{f5862634-4a3a-4682-a191-ff2dbae0a040}</UUID>
      <VersionUUID>{9e3e5263-395d-42d3-80ec-0b91ec92c094}</VersionUUID>
      <Name>Total Life Cycle Cost</Name>
      <Source>OpenStudioPostProcess</Source>
      <ValueType>Double</ValueType>
      <Value>0</Value>
      <Units>$</Units>
    </Attribute>
    <Attribute>
      <UUID>{d62f2758-54cc-4ad0-ae8b-e557f8b64b21}</UUID>
      <VersionUUID>{6834c9e0-d97f-488f-ae6b-5bb595e1fe2c}</VersionUUID>
      <Name>floorArea</Name>
      <DisplayName>Floor Area</DisplayName>
      <Source>OpenStudioPostProcess</Source>
      <ValueType>Double</ValueType>
      <Value>4096</Value>
      <Units>m^2</Units>
    </Attribute>
    <Attribute>
      <UUID>{345cfac8-c8f5-4198-8298-34b45c381ba8}</UUID>
      <VersionUUID>{c1644982-e9ad-40db-a4b3-501e21c84305}</VersionUUID>
      <Name>conditionedFloorArea</Name>
      <DisplayName>Conditioned Floor Area</DisplayName>
      <Source>OpenStudioPostProcess</Source>
      <ValueType>Double</ValueType>
      <Value>4096</Value>
      <Units>m^2</Units>
    </Attribute>
    <Attribute>
      <UUID>{3cd31888-ea92-4da5-b237-39ecc072b284}</UUID>
      <VersionUUID>{87b13061-6c42-4824-996f-2207b3354331}</VersionUUID>
      <Name>EndUses</Name>
      <Source>OpenStudioPostProcess</Source>
      <ValueType>AttributeVector</ValueType>
      <Value>
        <Attribute>
          <UUID>{38d742d2-482b-4cce-a438-6f0e1e55e8f5}</UUID>
          <VersionUUID>{a5441cd7-aa1b-4427-9ed5-991c78d62910}</VersionUUID>
          <Name>Electricity</Name>
          <ValueType>AttributeVector</ValueType>
          <Value>
            <Attribute>
              <UUID>{6cf7d93d-4c28-495b-a3c3-ba0b24e9f5ed}</UUID>
              <VersionUUID>{5babbabd-9095-4deb-bf35-3bae87962657}</VersionUUID>
              <Name>InteriorLights</Name>
              <ValueType>AttributeVector</ValueType>
              <Value>
                <Attribute>
                  <UUID>{6204c45f-3724-41c4-be1b-0a49cc782888}</UUID>
                  <VersionUUID>{23a5d1f4-b474-479b-b9af-f72beb066cc3}</VersionUUID>
                  <Name>General</Name>
                  <ValueType>Double</ValueType>
                  <Value>495.39</Value>
                  <Units>GJ</Units>
                </Attribute>
              </Value>
            </Attribute>
            <Attribute>
              <UUID>{e86b9d83-bf89-494a-ac2e-2ec9998c7376}</UUID>
              <VersionUUID>{561c2c1c-3ad5-422e-8ca6-43fc149c287f}</VersionUUID>
              <Name>InteriorEquipment</Name>
              <ValueType>AttributeVector</ValueType>
              <Value>
                <Attribute>
                  <UUID>{fb408f90-9f7a-498c-a38b-c5478ad1eb41}</UUID>
                  <VersionUUID>{5aa3b2c5-0bc8-4657-9f03-aef011a73723}</VersionUUID>
                  <Name>General</Name>
                  <ValueType>Double</ValueType>
                  <Value>437.18</Value>
                  <Units>GJ</Units>
                </Attribute>
              </Value>
            </Attribute>
          </Value>
        </Attribute>
        <Attribute>
          <UUID>{c3009da7-7759-4a11-86c2-cc45118f9394}</UUID>
          <VersionUUID>{fda6ec82-3f04-4be2-a4e6-8184dd836eaa}</VersionUUID>
          <Name>DistrictCooling</Name>
          <ValueType>AttributeVector</ValueType>
          <Value>
            <Attribute>
              <UUID>{62184590-31f1-4b88-9603-0fb98788b688}</UUID>
              <VersionUUID>{10951fed-92a9-4c49-900d-a2e71a2a5275}</VersionUUID>
              <Name>Cooling</Name>
              <ValueType>AttributeVector</ValueType>
              <Value>
                <Attribute>
                  <UUID>{e0d47b62-f6e7-4dd1-8ca8-45b2ea4d8c95}</UUID>
                  <VersionUUID>{b6c38ec4-00ac-4704-80b6-b5a05dfeac47}</VersionUUID>
                  <Name>General</Name>
                  <ValueType>Double</ValueType>
                  <Value>389.88</Value>
                  <Units>GJ</Units>
                </Attribute>
              </Value>
            </Attribute>
          </Value>
        </Attribute>
        <Attribute>
          <UUID>{f8106339-2abf-4419-bc42-7bf29f8a02f4}</UUID>
          <VersionUUID>{80abe945-875e-40a4-8072-f7c4840a32b8}</VersionUUID>
          <Name>DistrictHeating</Name>
          <ValueType>AttributeVector</ValueType>
          <Value>
            <Attribute>
              <UUID>{c904f1cd-e741-494c-adc3-8983913f1d38}</UUID>
              <VersionUUID>{0e9f419c-b694-49d6-8650-f8be9c9752de}</VersionUUID>
              <Name>Heating</Name>
              <ValueType>AttributeVector</ValueType>
              <Value>
                <Attribute>
                  <UUID>{b8f2d321-bb92-41e7-8c11-146d7b0d36a4}</UUID>
                  <VersionUUID>{76642d05-52dc-499a-aacf-3cdb8f1d1b9a}</VersionUUID>
                  <Name>General</Name>
                  <ValueType>Double</ValueType>
                  <Value>701.29</Value>
                  <Units>GJ</Units>
                </Attribute>
              </Value>
            </Attribute>
          </Value>
        </Attribute>
      </Value>
    </Attribute>
    <Attribute>
      <UUID>{5c08f618-5fa9-442b-a6af-27caf097d03e}</UUID>
      <VersionUUID>{186dd110-a14a-425d-9555-e61fbacdb1e1}</VersionUUID>
      <Name>CalibrationResult</Name>
      <Source>OpenStudioPostProcess</Source>
      <ValueType>AttributeVector</ValueType>
      <Value>
        <Attribute>
          <UUID>{ed38fe5c-807f-4637-81d7-76e6978b99b7}</UUID>
          <VersionUUID>{fca4c8bd-1836-46b2-8fb5-0bff18ace14a}</VersionUUID>
          <Name>utilityBills</Name>
          <ValueType>AttributeVector</ValueType>
          <Value/>
        </Attribute>
      </Value>
    </Attribute>
  </Value>
</Attribute>
