Time,THERMAL ZONE 1:NEW_YORK ANN HTG 99.6% CONDNS DB:Des Heat Load [W],THERMAL ZONE 1:NEW_YORK ANN CLG .4% CONDNS DB=>MWB:Des Sens Cool Load [W],THERMAL ZONE 1:NEW_YORK ANN HTG 99.6% CONDNS DB:Des Heat Mass Flow [kg/s],THERMAL ZONE 1:NEW_YORK ANN CLG .4% CONDNS DB=>MWB:Des Cool Mass Flow [kg/s],THERMAL ZONE 2:NEW_YORK ANN HTG 99.6% CONDNS DB:Des Heat Load [W],THERMAL ZONE 2:NEW_YORK ANN CLG .4% CONDNS DB=>MWB:Des Sens Cool Load [W],THERMAL ZONE 2:NEW_YORK ANN HTG 99.6% CONDNS DB:Des Heat Mass Flow [kg/s],THERMAL ZONE 2:NEW_YORK ANN CLG .4% CONDNS DB=>MWB:Des Cool Mass Flow [kg/s],THERMAL ZONE 3:NEW_YORK ANN HTG 99.6% CONDNS DB:Des Heat Load [W],THERMAL ZONE 3:NEW_YORK ANN CLG .4% CONDNS DB=>MWB:Des Sens Cool Load [W],THERMAL ZONE 3:NEW_YORK ANN HTG 99.6% CONDNS DB:Des Heat Mass Flow [kg/s],THERMAL ZONE 3:NEW_YORK ANN CLG .4% CONDNS DB=>MWB:Des Cool Mass Flow [kg/s],THERMAL ZONE 4:NEW_YORK ANN HTG 99.6% CONDNS DB:Des Heat Load [W],THERMAL ZONE 4:NEW_YORK ANN CLG .4% CONDNS DB=>MWB:Des Sens Cool Load [W],THERMAL ZONE 4:NEW_YORK ANN HTG 99.6% CONDNS DB:Des Heat Mass Flow [kg/s],THERMAL ZONE 4:NEW_YORK ANN CLG .4% CONDNS DB=>MWB:Des Cool Mass Flow [kg/s],THERMAL ZONE 5:NEW_YORK ANN HTG 99.6% CONDNS DB:Des Heat Load [W],THERMAL ZONE 5:NEW_YORK ANN CLG .4% CONDNS DB=>MWB:Des Sens Cool Load [W],THERMAL ZONE 5:NEW_YORK ANN HTG 99.6% CONDNS DB:Des Heat Mass Flow [kg/s],THERMAL ZONE 5:NEW_YORK ANN CLG .4% CONDNS DB=>MWB:Des Cool Mass Flow [kg/s],THERMAL ZONE 6:NEW_YORK ANN HTG 99.6% CONDNS DB:Des Heat Load [W],THERMAL ZONE 6:NEW_YORK ANN CLG .4% CONDNS DB=>MWB:Des Sens Cool Load [W],THERMAL ZONE 6:NEW_YORK ANN HTG 99.6% CONDNS DB:Des Heat Mass Flow [kg/s],THERMAL ZONE 6:NEW_YORK ANN CLG .4% CONDNS DB=>MWB:Des Cool Mass Flow [kg/s],THERMAL ZONE 7:NEW_YORK ANN HTG 99.6% CONDNS DB:Des Heat Load [W],THERMAL ZONE 7:NEW_YORK ANN CLG .4% CONDNS DB=>MWB:Des Sens Cool Load [W],THERMAL ZONE 7:NEW_YORK ANN HTG 99.6% CONDNS DB:Des Heat Mass Flow [kg/s],THERMAL ZONE 7:NEW_YORK ANN CLG .4% CONDNS DB=>MWB:Des Cool Mass Flow [kg/s],THERMAL ZONE 8:NEW_YORK ANN HTG 99.6% CONDNS DB:Des Heat Load [W],THERMAL ZONE 8:NEW_YORK ANN CLG .4% CONDNS DB=>MWB:Des Sens Cool Load [W],THERMAL ZONE 8:NEW_YORK ANN HTG 99.6% CONDNS DB:Des Heat Mass Flow [kg/s],THERMAL ZONE 8:NEW_YORK ANN CLG .4% CONDNS DB=>MWB:Des Cool Mass Flow [kg/s],THERMAL ZONE 9:NEW_YORK ANN HTG 99.6% CONDNS DB:Des Heat Load [W],THERMAL ZONE 9:NEW_YORK ANN CLG .4% CONDNS DB=>MWB:Des Sens Cool Load [W],THERMAL ZONE 9:NEW_YORK ANN HTG 99.6% CONDNS DB:Des Heat Mass Flow [kg/s],THERMAL ZONE 9:NEW_YORK ANN CLG .4% CONDNS DB=>MWB:Des Cool Mass Flow [kg/s]
00:10:00,3.313875E+04,2.605790E+03,1.710290E+00,2.010444E-01,3.791640E+04,1.427311E+04,1.956865E+00,1.101298E+00,5.509534E+04,1.596412E+04,2.842925E+00,1.231905E+00,7.682552E+04,3.719629E+04,3.964193E+00,2.870197E+00,8.635418E+04,5.228832E+04,4.455869E+00,4.034901E+00,1.090204E+05,5.405151E+04,5.624507E+00,4.171646E+00,1.986885E+04,0.000000E+00,1.025285E+00,0.000000E+00,1.848091E+04,8.155522E+02,9.536653E-01,6.298206E-02,3.378368E+04,4.056795E+03,1.743053E+00,3.130083E-01
00:20:00,3.313876E+04,2.482367E+03,1.710290E+00,1.915190E-01,3.791644E+04,1.422095E+04,1.956867E+00,1.097264E+00,5.509541E+04,1.588711E+04,2.842929E+00,1.225960E+00,7.682552E+04,3.707626E+04,3.964192E+00,2.860946E+00,8.635423E+04,5.215339E+04,4.455872E+00,4.024501E+00,1.090205E+05,5.390047E+04,5.624511E+00,4.160017E+00,1.986883E+04,0.000000E+00,1.025284E+00,0.000000E+00,1.848090E+04,1.026513E+03,9.536650E-01,7.925779E-02,3.378370E+04,4.100481E+03,1.743055E+00,3.163805E-01
00:30:00,3.313876E+04,2.505897E+03,1.710290E+00,1.933340E-01,3.791648E+04,1.416830E+04,1.956869E+00,1.093192E+00,5.509548E+04,1.580908E+04,2.842932E+00,1.219937E+00,7.682551E+04,3.695299E+04,3.964192E+00,2.851441E+00,8.635427E+04,5.201877E+04,4.455874E+00,4.014120E+00,1.090205E+05,5.374934E+04,5.624515E+00,4.148370E+00,1.986881E+04,0.000000E+00,1.025283E+00,0.000000E+00,1.848090E+04,1.141091E+03,9.536647E-01,8.803550E-02,3.378372E+04,4.107286E+03,1.743056E+00,3.169075E-01
00:40:00,3.313876E+04,2.469007E+03,1.710291E+00,1.904880E-01,3.791651E+04,1.411537E+04,1.956870E+00,1.089100E+00,5.509555E+04,1.573044E+04,2.842936E+00,1.213865E+00,7.682551E+04,3.682767E+04,3.964192E+00,2.841776E+00,8.635431E+04,5.188458E+04,4.455876E+00,4.003769E+00,1.090206E+05,5.359861E+04,5.624519E+00,4.136746E+00,1.986879E+04,0.000000E+00,1.025282E+00,0.000000E+00,1.848089E+04,1.180505E+03,9.536643E-01,9.107630E-02,3.378375E+04,4.106842E+03,1.743057E+00,3.168746E-01
00:50:00,3.313877E+04,2.427246E+03,1.710291E+00,1.872659E-01,3.791654E+04,1.406229E+04,1.956872E+00,1.084998E+00,5.509561E+04,1.565174E+04,2.842939E+00,1.207790E+00,7.682550E+04,3.670134E+04,3.964192E+00,2.832031E+00,8.635434E+04,5.175101E+04,4.455878E+00,3.993463E+00,1.090207E+05,5.344934E+04,5.624523E+00,4.125231E+00,1.986877E+04,0.000000E+00,1.025280E+00,0.000000E+00,1.848088E+04,1.280996E+03,9.536639E-01,9.882951E-02,3.378377E+04,4.100246E+03,1.743058E+00,3.163669E-01
01:00:00,3.313877E+04,2.381846E+03,1.710291E+00,1.837630E-01,3.791657E+04,1.400915E+04,1.956874E+00,1.080891E+00,5.509567E+04,1.557352E+04,2.842943E+00,1.201751E+00,7.682550E+04,3.657476E+04,3.964192E+00,2.822265E+00,8.635438E+04,5.161822E+04,4.455880E+00,3.983216E+00,1.090208E+05,5.330216E+04,5.624526E+00,4.113874E+00,1.986874E+04,0.000000E+00,1.025279E+00,0.000000E+00,1.848088E+04,1.336465E+03,9.536635E-01,1.031093E-01,3.378379E+04,4.089015E+03,1.743059E+00,3.155012E-01
01:10:00,3.313878E+04,2.349730E+03,1.710291E+00,1.812851E-01,3.791662E+04,1.397073E+04,1.956876E+00,1.077921E+00,5.509575E+04,1.551099E+04,2.842946E+00,1.196923E+00,7.682552E+04,3.645578E+04,3.964192E+00,2.813084E+00,8.635444E+04,5.149330E+04,4.455883E+00,3.973575E+00,1.090208E+05,5.316088E+04,5.624531E+00,4.102972E+00,1.986875E+04,0.000000E+00,1.025280E+00,0.000000E+00,1.848091E+04,1.385239E+03,9.536651E-01,1.068726E-01,3.378384E+04,4.075724E+03,1.743062E+00,3.144765E-01
01:20:00,3.313879E+04,2.317492E+03,1.710292E+00,1.787978E-01,3.791666E+04,1.393341E+04,1.956878E+00,1.075035E+00,5.509582E+04,1.545129E+04,2.842950E+00,1.192313E+00,7.682553E+04,3.634088E+04,3.964193E+00,2.804218E+00,8.635450E+04,5.137233E+04,4.455886E+00,3.964240E+00,1.090209E+05,5.302155E+04,5.624535E+00,4.092215E+00,1.986876E+04,0.000000E+00,1.025280E+00,0.000000E+00,1.848094E+04,1.428433E+03,9.536666E-01,1.102054E-01,3.378390E+04,4.060977E+03,1.743065E+00,3.133392E-01
01:30:00,3.313880E+04,2.285426E+03,1.710292E+00,1.763236E-01,3.791670E+04,1.389708E+04,1.956880E+00,1.072227E+00,5.509589E+04,1.539300E+04,2.842954E+00,1.187812E+00,7.682554E+04,3.623057E+04,3.964194E+00,2.795707E+00,8.635456E+04,5.125560E+04,4.455889E+00,3.955230E+00,1.090210E+05,5.288345E+04,5.624540E+00,4.081550E+00,1.986877E+04,0.000000E+00,1.025281E+00,0.000000E+00,1.848097E+04,1.467535E+03,9.536681E-01,1.132224E-01,3.378395E+04,4.045393E+03,1.743068E+00,3.121373E-01
01:40:00,3.313881E+04,2.253859E+03,1.710293E+00,1.738880E-01,3.791674E+04,1.386180E+04,1.956882E+00,1.069500E+00,5.509595E+04,1.533568E+04,2.842957E+00,1.183387E+00,7.682556E+04,3.612526E+04,3.964195E+00,2.787581E+00,8.635461E+04,5.114332E+04,4.455892E+00,3.946565E+00,1.090211E+05,5.274615E+04,5.624544E+00,4.070945E+00,1.986878E+04,0.000000E+00,1.025281E+00,0.000000E+00,1.848099E+04,1.503501E+03,9.536696E-01,1.159974E-01,3.378400E+04,4.029471E+03,1.743070E+00,3.109091E-01
01:50:00,3.313882E+04,2.223131E+03,1.710293E+00,1.715173E-01,3.791678E+04,1.382766E+04,1.956884E+00,1.066863E+00,5.509602E+04,1.527898E+04,2.842960E+00,1.179009E+00,7.682557E+04,3.602527E+04,3.964195E+00,2.779864E+00,8.635467E+04,5.103570E+04,4.455894E+00,3.938260E+00,1.090212E+05,5.260906E+04,5.624548E+00,4.060353E+00,1.986879E+04,0.000000E+00,1.025281E+00,0.000000E+00,1.848102E+04,1.537086E+03,9.536711E-01,1.185888E-01,3.378405E+04,4.013620E+03,1.743073E+00,3.096864E-01
02:00:00,3.313882E+04,2.193530E+03,1.710294E+00,1.692334E-01,3.791681E+04,1.379478E+04,1.956886E+00,1.064324E+00,5.509608E+04,1.522268E+04,2.842964E+00,1.174663E+00,7.682558E+04,3.593086E+04,3.964196E+00,2.772579E+00,8.635472E+04,5.093293E+04,4.455897E+00,3.930328E+00,1.090213E+05,5.247195E+04,5.624552E+00,4.049759E+00,1.986879E+04,0.000000E+00,1.025282E+00,0.000000E+00,1.848105E+04,1.568876E+03,9.536725E-01,1.210417E-01,3.378410E+04,3.998182E+03,1.743076E+00,3.084954E-01
02:10:00,3.313883E+04,2.164268E+03,1.710294E+00,1.669756E-01,3.791685E+04,1.376242E+04,1.956888E+00,1.061824E+00,5.509614E+04,1.516511E+04,2.842967E+00,1.170218E+00,7.682560E+04,3.583949E+04,3.964197E+00,2.765529E+00,8.635477E+04,5.083270E+04,4.455900E+00,3.922593E+00,1.090213E+05,5.233575E+04,5.624556E+00,4.039234E+00,1.986880E+04,0.000000E+00,1.025282E+00,0.000000E+00,1.848108E+04,1.598602E+03,9.536739E-01,1.233354E-01,3.378415E+04,3.982121E+03,1.743078E+00,3.072564E-01
02:20:00,3.313884E+04,2.135336E+03,1.710295E+00,1.647434E-01,3.791689E+04,1.373051E+04,1.956890E+00,1.059360E+00,5.509620E+04,1.510572E+04,2.842970E+00,1.165632E+00,7.682561E+04,3.575093E+04,3.964197E+00,2.758695E+00,8.635482E+04,5.073487E+04,4.455902E+00,3.915043E+00,1.090214E+05,5.220033E+04,5.624560E+00,4.028772E+00,1.986881E+04,0.000000E+00,1.025283E+00,0.000000E+00,1.848110E+04,1.626638E+03,9.536753E-01,1.254986E-01,3.378420E+04,3.965687E+03,1.743080E+00,3.059885E-01
02:30:00,3.313885E+04,2.106837E+03,1.710295E+00,1.625445E-01,3.791692E+04,1.369910E+04,1.956892E+00,1.056934E+00,5.509626E+04,1.504597E+04,2.842973E+00,1.161019E+00,7.682562E+04,3.566520E+04,3.964198E+00,2.752080E+00,8.635487E+04,5.063944E+04,4.455905E+00,3.907679E+00,1.090215E+05,5.206650E+04,5.624564E+00,4.018435E+00,1.986882E+04,0.000000E+00,1.025283E+00,0.000000E+00,1.848113E+04,1.653276E+03,9.536767E-01,1.275540E-01,3.378425E+04,3.949081E+03,1.743083E+00,3.047073E-01
02:40:00,3.313886E+04,2.078887E+03,1.710295E+00,1.603881E-01,3.791696E+04,1.366821E+04,1.956893E+00,1.054550E+00,5.509632E+04,1.498636E+04,2.842976E+00,1.156418E+00,7.682563E+04,3.558237E+04,3.964199E+00,2.745689E+00,8.635492E+04,5.054647E+04,4.455907E+00,3.900503E+00,1.090216E+05,5.193460E+04,5.624567E+00,4.008248E+00,1.986883E+04,0.000000E+00,1.025283E+00,0.000000E+00,1.848116E+04,1.678757E+03,9.536780E-01,1.295201E-01,3.378429E+04,3.932479E+03,1.743085E+00,3.034263E-01
02:50:00,3.313886E+04,2.051593E+03,1.710296E+00,1.582823E-01,3.791699E+04,1.363790E+04,1.956895E+00,1.052210E+00,5.509637E+04,1.492723E+04,2.842979E+00,1.151853E+00,7.682565E+04,3.550254E+04,3.964199E+00,2.739528E+00,8.635497E+04,5.045601E+04,4.455910E+00,3.893523E+00,1.090216E+05,5.180497E+04,5.624571E+00,3.998237E+00,1.986883E+04,0.000000E+00,1.025284E+00,0.000000E+00,1.848118E+04,1.703275E+03,9.536794E-01,1.314119E-01,3.378433E+04,3.916030E+03,1.743087E+00,3.021572E-01
03:00:00,3.313887E+04,2.025053E+03,1.710296E+00,1.562346E-01,3.791702E+04,1.360822E+04,1.956897E+00,1.049919E+00,5.509643E+04,1.486873E+04,2.842981E+00,1.147338E+00,7.682566E+04,3.542578E+04,3.964200E+00,2.733605E+00,8.635501E+04,5.036815E+04,4.455912E+00,3.886742E+00,1.090217E+05,5.167791E+04,5.624574E+00,3.988425E+00,1.986884E+04,0.000000E+00,1.025284E+00,0.000000E+00,1.848121E+04,1.726992E+03,9.536807E-01,1.332419E-01,3.378438E+04,3.899865E+03,1.743090E+00,3.009099E-01
03:10:00,3.313888E+04,1.998305E+03,1.710296E+00,1.541709E-01,3.791705E+04,1.357834E+04,1.956899E+00,1.047613E+00,5.509648E+04,1.480957E+04,2.842984E+00,1.142772E+00,7.682567E+04,3.534935E+04,3.964200E+00,2.727707E+00,8.635506E+04,5.028040E+04,4.455915E+00,3.879970E+00,1.090218E+05,5.155039E+04,5.624578E+00,3.978578E+00,1.986885E+04,0.000000E+00,1.025285E+00,0.000000E+00,1.848123E+04,1.749306E+03,9.536819E-01,1.349637E-01,3.378442E+04,3.882771E+03,1.743092E+00,2.995910E-01
03:20:00,3.313889E+04,1.971210E+03,1.710297E+00,1.520804E-01,3.791709E+04,1.354814E+04,1.956900E+00,1.045282E+00,5.509653E+04,1.474978E+04,2.842987E+00,1.138157E+00,7.682568E+04,3.527289E+04,3.964201E+00,2.721807E+00,8.635510E+04,5.019252E+04,4.455917E+00,3.873188E+00,1.090218E+05,5.142240E+04,5.624581E+00,3.968695E+00,1.986885E+04,0.000000E+00,1.025285E+00,0.000000E+00,1.848126E+04,1.770334E+03,9.536832E-01,1.365863E-01,3.378446E+04,3.864857E+03,1.743094E+00,2.982087E-01
03:30:00,3.313889E+04,1.943758E+03,1.710297E+00,1.499624E-01,3.791712E+04,1.351761E+04,1.956902E+00,1.042926E+00,5.509658E+04,1.468939E+04,2.842989E+00,1.133496E+00,7.682569E+04,3.519631E+04,3.964201E+00,2.715898E+00,8.635515E+04,5.010445E+04,4.455919E+00,3.866391E+00,1.090219E+05,5.129396E+04,5.624584E+00,3.958778E+00,1.986886E+04,0.000000E+00,1.025285E+00,0.000000E+00,1.848128E+04,1.790167E+03,9.536844E-01,1.381165E-01,3.378450E+04,3.846201E+03,1.743096E+00,2.967692E-01
03:40:00,3.313890E+04,1.915972E+03,1.710297E+00,1.478186E-01,3.791715E+04,1.348675E+04,1.956903E+00,1.040544E+00,5.509663E+04,1.462843E+04,2.842992E+00,1.128791E+00,7.682570E+04,3.511960E+04,3.964202E+00,2.709979E+00,8.635519E+04,5.001615E+04,4.455921E+00,3.859577E+00,1.090219E+05,5.116513E+04,5.624587E+00,3.948831E+00,1.986887E+04,0.000000E+00,1.025286E+00,0.000000E+00,1.848130E+04,1.808881E+03,9.536857E-01,1.395605E-01,3.378454E+04,3.826878E+03,1.743098E+00,2.952782E-01
03:50:00,3.313890E+04,1.887879E+03,1.710298E+00,1.456511E-01,3.791718E+04,1.345556E+04,1.956905E+00,1.038138E+00,5.509667E+04,1.456697E+04,2.842994E+00,1.124047E+00,7.682571E+04,3.504276E+04,3.964202E+00,2.704048E+00,8.635523E+04,4.992763E+04,4.455923E+00,3.852745E+00,1.090220E+05,5.103598E+04,5.624590E+00,3.938859E+00,1.986887E+04,0.000000E+00,1.025286E+00,0.000000E+00,1.848133E+04,1.826541E+03,9.536869E-01,1.409232E-01,3.378458E+04,3.806953E+03,1.743100E+00,2.937406E-01
04:00:00,3.313891E+04,1.859505E+03,1.710298E+00,1.434620E-01,3.791720E+04,1.342406E+04,1.956906E+00,1.035707E+00,5.509672E+04,1.450509E+04,2.842997E+00,1.119271E+00,7.682572E+04,3.496578E+04,3.964203E+00,2.698109E+00,8.635527E+04,4.983889E+04,4.455925E+00,3.845896E+00,1.090221E+05,5.090654E+04,5.624593E+00,3.928865E+00,1.986888E+04,0.000000E+00,1.025286E+00,0.000000E+00,1.848135E+04,1.843205E+03,9.536880E-01,1.422090E-01,3.378462E+04,3.786480E+03,1.743102E+00,2.921609E-01
04:10:00,3.313892E+04,1.832308E+03,1.710298E+00,1.413637E-01,3.791723E+04,1.339353E+04,1.956908E+00,1.033352E+00,5.509677E+04,1.444474E+04,2.842999E+00,1.114614E+00,7.682573E+04,3.489233E+04,3.964204E+00,2.692440E+00,8.635531E+04,4.975336E+04,4.455928E+00,3.839296E+00,1.090221E+05,5.078114E+04,5.624596E+00,3.919183E+00,1.986889E+04,0.000000E+00,1.025287E+00,0.000000E+00,1.848137E+04,1.859656E+03,9.536892E-01,1.434784E-01,3.378466E+04,3.766841E+03,1.743104E+00,2.906454E-01
04:20:00,3.313892E+04,1.806224E+03,1.710299E+00,1.393512E-01,3.791726E+04,1.336385E+04,1.956909E+00,1.031061E+00,5.509681E+04,1.438558E+04,2.843001E+00,1.110048E+00,7.682574E+04,3.482219E+04,3.964204E+00,2.687028E+00,8.635535E+04,4.967072E+04,4.455930E+00,3.832918E+00,1.090222E+05,5.065832E+04,5.624599E+00,3.909701E+00,1.986889E+04,0.000000E+00,1.025287E+00,0.000000E+00,1.848139E+04,1.875932E+03,9.536903E-01,1.447342E-01,3.378469E+04,3.748067E+03,1.743106E+00,2.891967E-01
04:30:00,3.313893E+04,1.781293E+03,1.710299E+00,1.374277E-01,3.791729E+04,1.333504E+04,1.956911E+00,1.028838E+00,5.509685E+04,1.432776E+04,2.843003E+00,1.105586E+00,7.682575E+04,3.475542E+04,3.964204E+00,2.681875E+00,8.635539E+04,4.959098E+04,4.455931E+00,3.826764E+00,1.090222E+05,5.053998E+04,5.624601E+00,3.900564E+00,1.986890E+04,0.000000E+00,1.025287E+00,0.000000E+00,1.848142E+04,1.892075E+03,9.536914E-01,1.459799E-01,3.378473E+04,3.730207E+03,1.743108E+00,2.878185E-01
04:40:00,3.313894E+04,1.757554E+03,1.710299E+00,1.355961E-01,3.791731E+04,1.330711E+04,1.956912E+00,1.026683E+00,5.509689E+04,1.427166E+04,2.843006E+00,1.101256E+00,7.682576E+04,3.469206E+04,3.964205E+00,2.676986E+00,8.635542E+04,4.951418E+04,4.455933E+00,3.820837E+00,1.090223E+05,5.042456E+04,5.624604E+00,3.891653E+00,1.986890E+04,0.000000E+00,1.025288E+00,0.000000E+00,1.848144E+04,1.908123E+03,9.536925E-01,1.472181E-01,3.378476E+04,3.713297E+03,1.743110E+00,2.865136E-01
04:50:00,3.313894E+04,1.740680E+03,1.710300E+00,1.342943E-01,3.791734E+04,1.328319E+04,1.956913E+00,1.024837E+00,5.509693E+04,1.421934E+04,2.843008E+00,1.097218E+00,7.682577E+04,3.464586E+04,3.964205E+00,2.673421E+00,8.635546E+04,4.944827E+04,4.455935E+00,3.815751E+00,1.090223E+05,5.031968E+04,5.624607E+00,3.883556E+00,1.986891E+04,0.000000E+00,1.025288E+00,0.000000E+00,1.848146E+04,1.924111E+03,9.536936E-01,1.484517E-01,3.378480E+04,3.697370E+03,1.743111E+00,2.852847E-01
05:00:00,3.313895E+04,1.748954E+03,1.710300E+00,1.349326E-01,3.791736E+04,1.327321E+04,1.956915E+00,1.024068E+00,5.509697E+04,1.417805E+04,2.843010E+00,1.094031E+00,7.682577E+04,3.464517E+04,3.964206E+00,2.673368E+00,8.635549E+04,4.941008E+04,4.455937E+00,3.812803E+00,1.090224E+05,5.023819E+04,5.624609E+00,3.877265E+00,1.986892E+04,0.000000E+00,1.025288E+00,0.000000E+00,1.848148E+04,1.940135E+03,9.536947E-01,1.496882E-01,3.378483E+04,3.682473E+03,1.743113E+00,2.841351E-01
05:10:00,3.313895E+04,1.815281E+03,1.710300E+00,1.400498E-01,3.791739E+04,1.329643E+04,1.956916E+00,1.025859E+00,5.509701E+04,1.416463E+04,2.843012E+00,1.092995E+00,7.682578E+04,3.473904E+04,3.964206E+00,2.680612E+00,8.635553E+04,4.943162E+04,4.455939E+00,3.814466E+00,1.090224E+05,5.020998E+04,5.624612E+00,3.875086E+00,1.986892E+04,0.000000E+00,1.025288E+00,0.000000E+00,1.848150E+04,1.958502E+03,9.536957E-01,1.511054E-01,3.378486E+04,3.672669E+03,1.743115E+00,2.833786E-01
05:20:00,3.313896E+04,1.962055E+03,1.710301E+00,1.513738E-01,3.791741E+04,1.336606E+04,1.956917E+00,1.031231E+00,5.509705E+04,1.419043E+04,2.843014E+00,1.094986E+00,7.682579E+04,3.495601E+04,3.964207E+00,2.697357E+00,8.635556E+04,4.953126E+04,4.455940E+00,3.822156E+00,1.090225E+05,5.025369E+04,5.624614E+00,3.878459E+00,1.986893E+04,0.000000E+00,1.025289E+00,0.000000E+00,1.848152E+04,1.979363E+03,9.536968E-01,1.527150E-01,3.378490E+04,3.668048E+03,1.743116E+00,2.830220E-01
05:30:00,3.313896E+04,2.180068E+03,1.710301E+00,1.681943E-01,3.791744E+04,1.347854E+04,1.956918E+00,1.039909E+00,5.509709E+04,1.425472E+04,2.843016E+00,1.099949E+00,7.682580E+04,3.528130E+04,3.964207E+00,2.722461E+00,8.635559E+04,4.970248E+04,4.455942E+00,3.835371E+00,1.090225E+05,5.036642E+04,5.624616E+00,3.887162E+00,1.986893E+04,0.000000E+00,1.025289E+00,0.000000E+00,1.848154E+04,2.003029E+03,9.536978E-01,1.545410E-01,3.378493E+04,3.668834E+03,1.743118E+00,2.830826E-01
05:40:00,3.313897E+04,2.464235E+03,1.710301E+00,1.901190E-01,3.791746E+04,1.363254E+04,1.956919E+00,1.051792E+00,5.509712E+04,1.435684E+04,2.843017E+00,1.107830E+00,7.682581E+04,3.570525E+04,3.964208E+00,2.755181E+00,8.635562E+04,4.994151E+04,4.455944E+00,3.853821E+00,1.090226E+05,5.054860E+04,5.624619E+00,3.901228E+00,1.986894E+04,0.000000E+00,1.025289E+00,0.000000E+00,1.848156E+04,2.029874E+03,9.536988E-01,1.566124E-01,3.378496E+04,3.675285E+03,1.743120E+00,2.835804E-01
05:50:00,3.313897E+04,2.806178E+03,1.710301E+00,2.165017E-01,3.791748E+04,1.382418E+04,1.956921E+00,1.066578E+00,5.509716E+04,1.449328E+04,2.843019E+00,1.118361E+00,7.682582E+04,3.620802E+04,3.964208E+00,2.793984E+00,8.635566E+04,5.023767E+04,4.455945E+00,3.876680E+00,1.090226E+05,5.079054E+04,5.624621E+00,3.919909E+00,1.986894E+04,0.000000E+00,1.025290E+00,0.000000E+00,1.848158E+04,2.060273E+03,9.536997E-01,1.589579E-01,3.378499E+04,3.687681E+03,1.743121E+00,2.845370E-01
06:00:00,3.313898E+04,3.199317E+03,1.710302E+00,2.468348E-01,3.791750E+04,1.405000E+04,1.956922E+00,1.084003E+00,5.509719E+04,1.465891E+04,2.843021E+00,1.131145E+00,7.682582E+04,3.677465E+04,3.964208E+00,2.837715E+00,8.635569E+04,5.058233E+04,4.455947E+00,3.903283E+00,1.090226E+05,5.108406E+04,5.624623E+00,3.942572E+00,1.986895E+04,0.000000E+00,1.025290E+00,0.000000E+00,1.848160E+04,2.094504E+03,9.537007E-01,1.615991E-01,3.378502E+04,3.706287E+03,1.743123E+00,2.859728E-01
06:10:00,3.262416E+04,1.017503E+04,1.683732E+00,8.095260E-01,3.740223E+04,2.007350E+04,1.930328E+00,1.590296E+00,5.313086E+04,2.020693E+04,2.741558E+00,1.593594E+00,7.579619E+04,4.573370E+04,3.911079E+00,3.656131E+00,8.532513E+04,5.846680E+04,4.402770E+00,4.662145E+00,1.060570E+05,5.870834E+04,5.471623E+00,4.678845E+00,1.935413E+04,0.000000E+00,9.987241E-01,0.000000E+00,1.796632E+04,7.515897E+03,9.271111E-01,5.873135E-01,3.197986E+04,8.911097E+03,1.649986E+00,6.959909E-01
06:20:00,3.210888E+04,1.294526E+04,1.657140E+00,1.094124E+00,3.688656E+04,2.246313E+04,1.903716E+00,1.875734E+00,5.116132E+04,2.287695E+04,2.639947E+00,1.909755E+00,7.476495E+04,4.935476E+04,3.857878E+00,4.137266E+00,8.429317E+04,6.158492E+04,4.349532E+00,5.141603E+00,1.030866E+05,6.220044E+04,5.318415E+00,5.197016E+00,1.883745E+04,0.000000E+00,9.720664E-01,0.000000E+00,1.744904E+04,8.923539E+03,9.004224E-01,7.358607E-01,3.016841E+04,1.056365E+04,1.556547E+00,8.749133E-01
06:30:00,3.159339E+04,1.681414E+04,1.630539E+00,1.483792E+00,3.637060E+04,2.578941E+04,1.877091E+00,2.250082E+00,4.919161E+04,2.657110E+04,2.538337E+00,2.322375E+00,7.373341E+04,5.367286E+04,3.804668E+00,4.687278E+00,8.326072E+04,6.532668E+04,4.296276E+00,5.683267E+00,1.001153E+05,6.634109E+04,5.165192E+00,5.779491E+00,1.832151E+04,0.000000E+00,9.454474E-01,0.000000E+00,1.693259E+04,1.170965E+04,8.737771E-01,1.016097E+00,2.835935E+04,1.357326E+04,1.463233E+00,1.182687E+00
06:40:00,3.107746E+04,1.903042E+04,1.603917E+00,1.712904E+00,3.585416E+04,2.768986E+04,1.850444E+00,2.485564E+00,4.722027E+04,2.878033E+04,2.436654E+00,2.590213E+00,7.270095E+04,5.636624E+04,3.751418E+00,5.080079E+00,8.222728E+04,6.757981E+04,4.242979E+00,6.080361E+00,9.714145E+04,6.898018E+04,5.011866E+00,6.216066E+00,1.780530E+04,0.000000E+00,9.188149E-01,0.000000E+00,1.641588E+04,1.274733E+04,8.471184E-01,1.125167E+00,2.654938E+04,1.483919E+04,1.369874E+00,1.319719E+00
06:50:00,3.056119E+04,2.129587E+04,1.577279E+00,1.948046E+00,3.533734E+04,2.963562E+04,1.823780E+00,2.726233E+00,4.524781E+04,3.104616E+04,2.334923E+00,2.864147E+00,7.166787E+04,5.900395E+04,3.698144E+00,5.469148E+00,8.119319E+04,6.980263E+04,4.189658E+00,6.475595E+00,9.416606E+04,7.158550E+04,4.858484E+00,6.650340E+00,1.728899E+04,0.000000E+00,8.921776E-01,0.000000E+00,1.589908E+04,1.389482E+04,8.204555E-01,1.245085E+00,2.473904E+04,1.619725E+04,1.276497E+00,1.465805E+00
07:00:00,3.004463E+04,2.350644E+04,1.550629E+00,2.179302E+00,3.482024E+04,3.156381E+04,1.797104E+00,2.966087E+00,4.327454E+04,3.330094E+04,2.233158E+00,3.137619E+00,7.063441E+04,6.156313E+04,3.644853E+00,5.852513E+00,8.015871E+04,7.198865E+04,4.136322E+00,6.868486E+00,9.118978E+04,7.415422E+04,4.705070E+00,7.082100E+00,1.677261E+04,0.000000E+00,8.655368E-01,0.000000E+00,1.538222E+04,1.501164E+04,7.937897E-01,1.362127E+00,2.292844E+04,1.751461E+04,1.183108E+00,1.607972E+00
07:10:00,3.004267E+04,1.911775E+04,1.550539E+00,1.877706E+00,3.481820E+04,2.770984E+04,1.797012E+00,2.719216E+00,4.326706E+04,3.019525E+04,2.232832E+00,2.963981E+00,7.063034E+04,5.568260E+04,3.644683E+00,5.458319E+00,8.015459E+04,6.663505E+04,4.136155E+00,6.530130E+00,9.117864E+04,6.940034E+04,4.704639E+00,6.801769E+00,1.677099E+04,0.000000E+00,8.654592E-01,0.000000E+00,1.538061E+04,1.072704E+04,7.937121E-01,1.054806E+00,2.292281E+04,1.362287E+04,1.182846E+00,1.339363E+00
07:20:00,3.004100E+04,1.889623E+04,1.550462E+00,1.852055E+00,3.481640E+04,2.749293E+04,1.796931E+00,2.694404E+00,4.326237E+04,2.998050E+04,2.232637E+00,2.938532E+00,7.062772E+04,5.506966E+04,3.644578E+00,5.396865E+00,8.015172E+04,6.603449E+04,4.136044E+00,6.471244E+00,9.117199E+04,6.877573E+04,4.704400E+00,6.740338E+00,1.677118E+04,0.000000E+00,8.654711E-01,0.000000E+00,1.538095E+04,1.044403E+04,7.937312E-01,1.023569E+00,2.292331E+04,1.326405E+04,1.182880E+00,1.300006E+00
07:30:00,3.003940E+04,1.754651E+04,1.550388E+00,1.719852E+00,3.481475E+04,2.634578E+04,1.796857E+00,2.582121E+00,4.325751E+04,2.875602E+04,2.232425E+00,2.818654E+00,7.062528E+04,5.370726E+04,3.644477E+00,5.263450E+00,8.014923E+04,6.480650E+04,4.135945E+00,6.351021E+00,9.116591E+04,6.750543E+04,4.704166E+00,6.615956E+00,1.677060E+04,1.063054E+01,8.654422E-01,1.042182E-03,1.538043E+04,8.772713E+03,7.937053E-01,8.597912E-01,2.292127E+04,1.153224E+04,1.182781E+00,1.130295E+00
07:40:00,3.003812E+04,1.782386E+04,1.550330E+00,1.747009E+00,3.481346E+04,2.663127E+04,1.796800E+00,2.610152E+00,4.325402E+04,2.903128E+04,2.232276E+00,2.845621E+00,7.062370E+04,5.392881E+04,3.644412E+00,5.285105E+00,8.014767E+04,6.506982E+04,4.135885E+00,6.376793E+00,9.116220E+04,6.774505E+04,4.704026E+00,6.639345E+00,1.677024E+04,3.634358E+01,8.654250E-01,3.561497E-03,1.538014E+04,8.841620E+03,7.936909E-01,8.664940E-01,2.292003E+04,1.153086E+04,1.182721E+00,1.130089E+00
07:50:00,3.003710E+04,1.803256E+04,1.550283E+00,1.767475E+00,3.481246E+04,2.688239E+04,1.796755E+00,2.634830E+00,4.325147E+04,2.927050E+04,2.232165E+00,2.869085E+00,7.062266E+04,5.418251E+04,3.644370E+00,5.309919E+00,8.014668E+04,6.538205E+04,4.135846E+00,6.407355E+00,9.115989E+04,6.804240E+04,4.703936E+00,6.668393E+00,1.676996E+04,6.358092E+01,8.654111E-01,6.230174E-03,1.537990E+04,8.793723E+03,7.936793E-01,8.617864E-01,2.291905E+04,1.142619E+04,1.182674E+00,1.119804E+00
08:00:00,3.003627E+04,1.825900E+04,1.550246E+00,1.789680E+00,3.481168E+04,2.715109E+04,1.796720E+00,2.661217E+00,4.324955E+04,2.953689E+04,2.232081E+00,2.895212E+00,7.062198E+04,5.446991E+04,3.644341E+00,5.338053E+00,8.014604E+04,6.574348E+04,4.135820E+00,6.442751E+00,9.115836E+04,6.839936E+04,4.703872E+00,6.703316E+00,1.676972E+04,1.009458E+02,8.653993E-01,9.891137E-03,1.537969E+04,8.770469E+03,7.936692E-01,8.594949E-01,2.291824E+04,1.135285E+04,1.182636E+00,1.112595E+00
08:10:00,3.003561E+04,1.848183E+04,1.550215E+00,1.811532E+00,3.481106E+04,2.741852E+04,1.796692E+00,2.687463E+00,4.324809E+04,2.980999E+04,2.232016E+00,2.921993E+00,7.062150E+04,5.478114E+04,3.644321E+00,5.368542E+00,8.014560E+04,6.613681E+04,4.135801E+00,6.481283E+00,9.115727E+04,6.879790E+04,4.703823E+00,6.742344E+00,1.676951E+04,1.473241E+02,8.653893E-01,1.443524E-02,1.537951E+04,8.758478E+03,7.936605E-01,8.583097E-01,2.291757E+04,1.129704E+04,1.182603E+00,1.107109E+00
08:20:00,3.003506E+04,1.869873E+04,1.550190E+00,1.832799E+00,3.481057E+04,2.768212E+04,1.796670E+00,2.713323E+00,4.324695E+04,3.008653E+04,2.231965E+00,2.949107E+00,7.062117E+04,5.511358E+04,3.644306E+00,5.401117E+00,8.014527E+04,6.656095E+04,4.135786E+00,6.522842E+00,9.115644E+04,6.923635E+04,4.703784E+00,6.785300E+00,1.676933E+04,2.029652E+02,8.653807E-01,1.988693E-02,1.537936E+04,8.756468E+03,7.936527E-01,8.581046E-01,2.291701E+04,1.125669E+04,1.182576E+00,1.103142E+00
08:30:00,3.003462E+04,1.890860E+04,1.550169E+00,1.853377E+00,3.481016E+04,2.794057E+04,1.796651E+00,2.738669E+00,4.324606E+04,3.036423E+04,2.231924E+00,2.976333E+00,7.062093E+04,5.546609E+04,3.644295E+00,5.435665E+00,8.014502E+04,6.701582E+04,4.135775E+00,6.567415E+00,9.115579E+04,6.971387E+04,4.703753E+00,6.832092E+00,1.676918E+04,2.573881E+02,8.653733E-01,2.521868E-02,1.537922E+04,8.762599E+03,7.936459E-01,8.586990E-01,2.291653E+04,1.122953E+04,1.182552E+00,1.100472E+00
08:40:00,3.003426E+04,1.911115E+04,1.550153E+00,1.873235E+00,3.480983E+04,2.819313E+04,1.796636E+00,2.763433E+00,4.324536E+04,3.064155E+04,2.231891E+00,3.003519E+00,7.062075E+04,5.583917E+04,3.644287E+00,5.472228E+00,8.014482E+04,6.750119E+04,4.135765E+00,6.614977E+00,9.115527E+04,7.022973E+04,4.703728E+00,6.882643E+00,1.676905E+04,3.063059E+02,8.653669E-01,3.001170E-02,1.537909E+04,8.775547E+03,7.936398E-01,8.599626E-01,2.291612E+04,1.121389E+04,1.182532E+00,1.098933E+00
08:50:00,3.003397E+04,1.930192E+04,1.550139E+00,1.891938E+00,3.480957E+04,2.843488E+04,1.796624E+00,2.787134E+00,4.324479E+04,3.091268E+04,2.231865E+00,3.030098E+00,7.062061E+04,5.622329E+04,3.644281E+00,5.509873E+00,8.014465E+04,6.800601E+04,4.135757E+00,6.664446E+00,9.115485E+04,7.077343E+04,4.703708E+00,6.935924E+00,1.676894E+04,3.634235E+02,8.653614E-01,3.560817E-02,1.537898E+04,8.794323E+03,7.936343E-01,8.617983E-01,2.291577E+04,1.120851E+04,1.182515E+00,1.098400E+00
09:00:00,3.003372E+04,1.948600E+04,1.550128E+00,1.909983E+00,3.480934E+04,2.866879E+04,1.796613E+00,2.810065E+00,4.324433E+04,3.117846E+04,2.231843E+00,3.056151E+00,7.062051E+04,5.662746E+04,3.644276E+00,5.549483E+00,8.014451E+04,6.853004E+04,4.135751E+00,6.715798E+00,9.115450E+04,7.134382E+04,4.703690E+00,6.991820E+00,1.676884E+04,4.202676E+02,8.653567E-01,4.117789E-02,1.537888E+04,8.818106E+03,7.936294E-01,8.641255E-01,2.291546E+04,1.121236E+04,1.182500E+00,1.098773E+00
09:10:00,3.003353E+04,1.965883E+04,1.550118E+00,1.926925E+00,3.480915E+04,2.888886E+04,1.796605E+00,2.831637E+00,4.324395E+04,3.143111E+04,2.231825E+00,3.080917E+00,7.062043E+04,5.703778E+04,3.644273E+00,5.589689E+00,8.014438E+04,6.906333E+04,4.135744E+00,6.768057E+00,9.115420E+04,7.192822E+04,4.703675E+00,7.049091E+00,1.676876E+04,4.769832E+02,8.653526E-01,4.673506E-02,1.537879E+04,8.844055E+03,7.936250E-01,8.666656E-01,2.291520E+04,1.122186E+04,1.182487E+00,1.099701E+00
09:20:00,3.003336E+04,1.982124E+04,1.550111E+00,1.942845E+00,3.480899E+04,2.909510E+04,1.796597E+00,2.851854E+00,4.324364E+04,3.167011E+04,2.231810E+00,3.104345E+00,7.062037E+04,5.745136E+04,3.644269E+00,5.630215E+00,8.014427E+04,6.960261E+04,4.135739E+00,6.820903E+00,9.115393E+04,7.252345E+04,4.703662E+00,7.107422E+00,1.676869E+04,5.334309E+02,8.653490E-01,5.226601E-02,1.537871E+04,8.871648E+03,7.936210E-01,8.693673E-01,2.291497E+04,1.123636E+04,1.182475E+00,1.101121E+00
09:30:00,3.003323E+04,1.997392E+04,1.550105E+00,1.957811E+00,3.480886E+04,2.928764E+04,1.796590E+00,2.870727E+00,4.324337E+04,3.189519E+04,2.231797E+00,3.126407E+00,7.062031E+04,5.786569E+04,3.644267E+00,5.670816E+00,8.014416E+04,7.014514E+04,4.135733E+00,6.874068E+00,9.115369E+04,7.312629E+04,4.703649E+00,7.166499E+00,1.676862E+04,5.895319E+02,8.653459E-01,5.776303E-02,1.537864E+04,8.900452E+03,7.936173E-01,8.721880E-01,2.291477E+04,1.125534E+04,1.182465E+00,1.102979E+00
09:40:00,3.003312E+04,2.011751E+04,1.550099E+00,1.971887E+00,3.480874E+04,2.946664E+04,1.796585E+00,2.888271E+00,4.324313E+04,3.210620E+04,2.231785E+00,3.147090E+00,7.062027E+04,5.827751E+04,3.644264E+00,5.711170E+00,8.014406E+04,7.068822E+04,4.135728E+00,6.927285E+00,9.115348E+04,7.373337E+04,4.703638E+00,7.225990E+00,1.676857E+04,6.451837E+02,8.653433E-01,6.321607E-02,1.537857E+04,8.930117E+03,7.936139E-01,8.750934E-01,2.291458E+04,1.127835E+04,1.182456E+00,1.105232E+00
09:50:00,3.003302E+04,2.025258E+04,1.550095E+00,1.985125E+00,3.480863E+04,2.963231E+04,1.796579E+00,2.904509E+00,4.324293E+04,3.230317E+04,2.231775E+00,3.166396E+00,7.062023E+04,5.868411E+04,3.644262E+00,5.751014E+00,8.014396E+04,7.122916E+04,4.135723E+00,6.980293E+00,9.115328E+04,7.434150E+04,4.703628E+00,7.285585E+00,1.676852E+04,7.002852E+02,8.653409E-01,6.861522E-02,1.537851E+04,8.960352E+03,7.936108E-01,8.780550E-01,2.291442E+04,1.130502E+04,1.182448E+00,1.107845E+00
10:00:00,3.003295E+04,2.037954E+04,1.550091E+00,1.997569E+00,3.480853E+04,2.978476E+04,1.796575E+00,2.919451E+00,4.324275E+04,3.248632E+04,2.231766E+00,3.184347E+00,7.062019E+04,5.908288E+04,3.644261E+00,5.790092E+00,8.014387E+04,7.176532E+04,4.135718E+00,7.032832E+00,9.115309E+04,7.494759E+04,4.703618E+00,7.344980E+00,1.676848E+04,7.547406E+02,8.653389E-01,7.395110E-02,1.537845E+04,8.990917E+03,7.936079E-01,8.810491E-01,2.291427E+04,1.133506E+04,1.182440E+00,1.110789E+00
10:10:00,3.003288E+04,2.049887E+04,1.550088E+00,2.009265E+00,3.480845E+04,2.992468E+04,1.796570E+00,2.933165E+00,4.324258E+04,3.265581E+04,2.231757E+00,3.200960E+00,7.062016E+04,5.947134E+04,3.644259E+00,5.828158E+00,8.014378E+04,7.229384E+04,4.135714E+00,7.084623E+00,9.115291E+04,7.554885E+04,4.703609E+00,7.403901E+00,1.676845E+04,8.084688E+02,8.653371E-01,7.921574E-02,1.537840E+04,9.021630E+03,7.936052E-01,8.840579E-01,2.291414E+04,1.136822E+04,1.182434E+00,1.114038E+00
10:20:00,3.003283E+04,2.062106E+04,1.550085E+00,2.021241E+00,3.480837E+04,3.006232E+04,1.796566E+00,2.946655E+00,4.324243E+04,3.282184E+04,2.231750E+00,3.217233E+00,7.062013E+04,5.984816E+04,3.644257E+00,5.865084E+00,8.014369E+04,7.281226E+04,4.135709E+00,7.135424E+00,9.115275E+04,7.614210E+04,4.703601E+00,7.462037E+00,1.676841E+04,8.613906E+02,8.653355E-01,8.440139E-02,1.537835E+04,9.052320E+03,7.936027E-01,8.870646E-01,2.291402E+04,1.140428E+04,1.182427E+00,1.117571E+00
10:30:00,3.003278E+04,2.075498E+04,1.550083E+00,2.034367E+00,3.480829E+04,3.020679E+04,1.796563E+00,2.960816E+00,4.324229E+04,3.299346E+04,2.231743E+00,3.234055E+00,7.062010E+04,6.021172E+04,3.644256E+00,5.900711E+00,8.014361E+04,7.331833E+04,4.135705E+00,7.185015E+00,9.115260E+04,7.672472E+04,4.703593E+00,7.519132E+00,1.676839E+04,9.134454E+02,8.653341E-01,8.950212E-02,1.537830E+04,9.082849E+03,7.936003E-01,8.900556E-01,2.291391E+04,1.144304E+04,1.182422E+00,1.121369E+00
10:40:00,3.003274E+04,2.090401E+04,1.550081E+00,2.048975E+00,3.480823E+04,3.036294E+04,1.796559E+00,2.976121E+00,4.324216E+04,3.317642E+04,2.231736E+00,3.251989E+00,7.062008E+04,6.056079E+04,3.644255E+00,5.934917E+00,8.014352E+04,7.381004E+04,4.135700E+00,7.233198E+00,9.115245E+04,7.729438E+04,4.703585E+00,7.574955E+00,1.676836E+04,9.646005E+02,8.653329E-01,9.451470E-02,1.537826E+04,9.113121E+03,7.935980E-01,8.930216E-01,2.291380E+04,1.148436E+04,1.182416E+00,1.125418E+00
10:50:00,3.003270E+04,2.106967E+04,1.550079E+00,2.065214E+00,3.480816E+04,3.053386E+04,1.796556E+00,2.992875E+00,4.324204E+04,3.337494E+04,2.231730E+00,3.271449E+00,7.062005E+04,6.089463E+04,3.644254E+00,5.967631E+00,8.014344E+04,7.428569E+04,4.135696E+00,7.279807E+00,9.115231E+04,7.784911E+04,4.703578E+00,7.629316E+00,1.676834E+04,1.014851E+03,8.653318E-01,9.943870E-02,1.537822E+04,9.143080E+03,7.935959E-01,8.959570E-01,2.291371E+04,1.152812E+04,1.182411E+00,1.129707E+00
11:00:00,3.003267E+04,2.125284E+04,1.550078E+00,2.083169E+00,3.480810E+04,3.072214E+04,1.796553E+00,3.011330E+00,4.324192E+04,3.359237E+04,2.231724E+00,3.292763E+00,7.062003E+04,6.121305E+04,3.644252E+00,5.998833E+00,8.014337E+04,7.474385E+04,4.135692E+00,7.324703E+00,9.115217E+04,7.838733E+04,4.703571E+00,7.682058E+00,1.676832E+04,1.064213E+03,8.653309E-01,1.042756E-01,1.537818E+04,9.172699E+03,7.935938E-01,8.988591E-01,2.291361E+04,1.157425E+04,1.182407E+00,1.134227E+00
11:10:00,3.003265E+04,2.144804E+04,1.550077E+00,2.102305E+00,3.480804E+04,3.092336E+04,1.796550E+00,3.031055E+00,4.324181E+04,3.382497E+04,2.231718E+00,3.315565E+00,7.062001E+04,6.150906E+04,3.644251E+00,6.027839E+00,8.014329E+04,7.517625E+04,4.135688E+00,7.367074E+00,9.115204E+04,7.889977E+04,4.703564E+00,7.732275E+00,1.676830E+04,1.111122E+03,8.653300E-01,1.088722E-01,1.537814E+04,9.200366E+03,7.935918E-01,9.015700E-01,2.291353E+04,1.162064E+04,1.182402E+00,1.138774E+00
11:20:00,3.003262E+04,2.164502E+04,1.550075E+00,2.121617E+00,3.480798E+04,3.112885E+04,1.796547E+00,3.051199E+00,4.324171E+04,3.406512E+04,2.231713E+00,3.339106E+00,7.061999E+04,6.178136E+04,3.644250E+00,6.054521E+00,8.014321E+04,7.558201E+04,4.135684E+00,7.406834E+00,9.115192E+04,7.938557E+04,4.703558E+00,7.779880E+00,1.676829E+04,1.155622E+03,8.653292E-01,1.132327E-01,1.537810E+04,9.226091E+03,7.935900E-01,9.040907E-01,2.291345E+04,1.166726E+04,1.182398E+00,1.143343E+00
11:30:00,3.003260E+04,2.183543E+04,1.550074E+00,2.140285E+00,3.480793E+04,3.133117E+04,1.796544E+00,3.071031E+00,4.324161E+04,3.430601E+04,2.231708E+00,3.362720E+00,7.061997E+04,6.203050E+04,3.644249E+00,6.078933E+00,8.014314E+04,7.596130E+04,4.135681E+00,7.444000E+00,9.115179E+04,7.984465E+04,4.703552E+00,7.824866E+00,1.676828E+04,1.197716E+03,8.653285E-01,1.173574E-01,1.537807E+04,9.249876E+03,7.935881E-01,9.064213E-01,2.291337E+04,1.171404E+04,1.182394E+00,1.147927E+00
11:40:00,3.003258E+04,2.201625E+04,1.550073E+00,2.158013E+00,3.480788E+04,3.152703E+04,1.796541E+00,3.090230E+00,4.324151E+04,3.454399E+04,2.231703E+00,3.386048E+00,7.061995E+04,6.225780E+04,3.644248E+00,6.101205E+00,8.014307E+04,7.631528E+04,4.135677E+00,7.478686E+00,9.115168E+04,8.027788E+04,4.703546E+00,7.867320E+00,1.676826E+04,1.237392E+03,8.653279E-01,1.212452E-01,1.537803E+04,9.271703E+03,7.935864E-01,9.085600E-01,2.291330E+04,1.176091E+04,1.182390E+00,1.152519E+00
11:50:00,3.003257E+04,2.218617E+04,1.550073E+00,2.174672E+00,3.480782E+04,3.171470E+04,1.796539E+00,3.108625E+00,4.324142E+04,3.477669E+04,2.231698E+00,3.408859E+00,7.061993E+04,6.246527E+04,3.644247E+00,6.121535E+00,8.014300E+04,7.664611E+04,4.135673E+00,7.511103E+00,9.115157E+04,8.068730E+04,4.703540E+00,7.907440E+00,1.676825E+04,1.274610E+03,8.653273E-01,1.248922E-01,1.537800E+04,9.291539E+03,7.935847E-01,9.105036E-01,2.291323E+04,1.180775E+04,1.182387E+00,1.157110E+00
12:00:00,3.003255E+04,2.234425E+04,1.550072E+00,2.190169E+00,3.480778E+04,3.189300E+04,1.796536E+00,3.126101E+00,4.324133E+04,3.500236E+04,2.231693E+00,3.430979E+00,7.061992E+04,6.265571E+04,3.644247E+00,6.140195E+00,8.014293E+04,7.695704E+04,4.135670E+00,7.541571E+00,9.115146E+04,8.107554E+04,4.703534E+00,7.945485E+00,1.676824E+04,1.309316E+03,8.653267E-01,1.282931E-01,1.537797E+04,9.309340E+03,7.935830E-01,9.122478E-01,2.291316E+04,1.185446E+04,1.182383E+00,1.161687E+00
12:10:00,3.003254E+04,2.249426E+04,1.550071E+00,2.204877E+00,3.480773E+04,3.206622E+04,1.796534E+00,3.143079E+00,4.324124E+04,3.522605E+04,2.231689E+00,3.452905E+00,7.061990E+04,6.284175E+04,3.644246E+00,6.158424E+00,8.014287E+04,7.726258E+04,4.135667E+00,7.571510E+00,9.115135E+04,8.145778E+04,4.703529E+00,7.982941E+00,1.676823E+04,1.343058E+03,8.653262E-01,1.315995E-01,1.537793E+04,9.326664E+03,7.935814E-01,9.139453E-01,2.291310E+04,1.190294E+04,1.182380E+00,1.166438E+00
12:20:00,3.003252E+04,2.263484E+04,1.550070E+00,2.218660E+00,3.480768E+04,3.223361E+04,1.796531E+00,3.159486E+00,4.324116E+04,3.544678E+04,2.231684E+00,3.474541E+00,7.061988E+04,6.302905E+04,3.644245E+00,6.176778E+00,8.014280E+04,7.756941E+04,4.135663E+00,7.601576E+00,9.115125E+04,8.184072E+04,4.703524E+00,8.020467E+00,1.676822E+04,1.375766E+03,8.653258E-01,1.348044E-01,1.537790E+04,9.343462E+03,7.935798E-01,9.155913E-01,2.291303E+04,1.195305E+04,1.182377E+00,1.171349E+00
12:30:00,3.003251E+04,2.276621E+04,1.550070E+00,2.231544E+00,3.480764E+04,3.239458E+04,1.796529E+00,3.175264E+00,4.324108E+04,3.566386E+04,2.231680E+00,3.495820E+00,7.061987E+04,6.322104E+04,3.644244E+00,6.195592E+00,8.014274E+04,7.788164E+04,4.135660E+00,7.632173E+00,9.115115E+04,8.222912E+04,4.703519E+00,8.058528E+00,1.676821E+04,1.407413E+03,8.653254E-01,1.379055E-01,1.537787E+04,9.359709E+03,7.935783E-01,9.171832E-01,2.291297E+04,1.200468E+04,1.182374E+00,1.176409E+00
12:40:00,3.003250E+04,2.288868E+04,1.550069E+00,2.243553E+00,3.480759E+04,3.254862E+04,1.796527E+00,3.190362E+00,4.324100E+04,3.587669E+04,2.231676E+00,3.516681E+00,7.061985E+04,6.341910E+04,3.644243E+00,6.215000E+00,8.014268E+04,7.820160E+04,4.135657E+00,7.663526E+00,9.115106E+04,8.262612E+04,4.703514E+00,8.097432E+00,1.676821E+04,1.437982E+03,8.653250E-01,1.409009E-01,1.537785E+04,9.375385E+03,7.935768E-01,9.187193E-01,2.291292E+04,1.205770E+04,1.182371E+00,1.181605E+00
12:50:00,3.003249E+04,2.300216E+04,1.550069E+00,2.254680E+00,3.480755E+04,3.269524E+04,1.796525E+00,3.204732E+00,4.324093E+04,3.608467E+04,2.231672E+00,3.537066E+00,7.061984E+04,6.362308E+04,3.644243E+00,6.234989E+00,8.014262E+04,7.852982E+04,4.135654E+00,7.695689E+00,9.115096E+04,8.303295E+04,4.703509E+00,8.137301E+00,1.676820E+04,1.467467E+03,8.653246E-01,1.437901E-01,1.537782E+04,9.390485E+03,7.935754E-01,9.201990E-01,2.291286E+04,1.211201E+04,1.182368E+00,1.186926E+00
13:00:00,3.003248E+04,2.310681E+04,1.550068E+00,2.264941E+00,3.480751E+04,3.283398E+04,1.796522E+00,3.218331E+00,4.324085E+04,3.628725E+04,2.231669E+00,3.556924E+00,7.061983E+04,6.383131E+04,3.644242E+00,6.255395E+00,8.014256E+04,7.886510E+04,4.135651E+00,7.728545E+00,9.115087E+04,8.344948E+04,4.703504E+00,8.178120E+00,1.676819E+04,1.495873E+03,8.653242E-01,1.465736E-01,1.537779E+04,9.405007E+03,7.935740E-01,9.216219E-01,2.291281E+04,1.216747E+04,1.182365E+00,1.192362E+00
13:10:00,3.003247E+04,2.320225E+04,1.550068E+00,2.274297E+00,3.480746E+04,3.296311E+04,1.796520E+00,3.230987E+00,4.324078E+04,3.648196E+04,2.231665E+00,3.576009E+00,7.061981E+04,6.403601E+04,3.644241E+00,6.275455E+00,8.014250E+04,7.919899E+04,4.135648E+00,7.761264E+00,9.115079E+04,8.386768E+04,4.703500E+00,8.219102E+00,1.676818E+04,1.522680E+03,8.653239E-01,1.492005E-01,1.537776E+04,9.418426E+03,7.935726E-01,9.229369E-01,2.291275E+04,1.222332E+04,1.182362E+00,1.197835E+00
13:20:00,3.003246E+04,2.328970E+04,1.550067E+00,2.282870E+00,3.480742E+04,3.308253E+04,1.796518E+00,3.242692E+00,4.324071E+04,3.666802E+04,2.231661E+00,3.594246E+00,7.061980E+04,6.423166E+04,3.644241E+00,6.294627E+00,8.014245E+04,7.952523E+04,4.135645E+00,7.793234E+00,9.115070E+04,8.428151E+04,4.703495E+00,8.259656E+00,1.676818E+04,1.547895E+03,8.653236E-01,1.516712E-01,1.537774E+04,9.430739E+03,7.935712E-01,9.241434E-01,2.291270E+04,1.227943E+04,1.182360E+00,1.203334E+00
13:30:00,3.003245E+04,2.336867E+04,1.550067E+00,2.290608E+00,3.480738E+04,3.319193E+04,1.796516E+00,3.253414E+00,4.324064E+04,3.684483E+04,2.231658E+00,3.611577E+00,7.061979E+04,6.441438E+04,3.644240E+00,6.312533E+00,8.014239E+04,7.983852E+04,4.135642E+00,7.823933E+00,9.115062E+04,8.468577E+04,4.703491E+00,8.299272E+00,1.676817E+04,1.571504E+03,8.653233E-01,1.539846E-01,1.537771E+04,9.441933E+03,7.935699E-01,9.252403E-01,2.291265E+04,1.233565E+04,1.182357E+00,1.208843E+00
13:40:00,3.003244E+04,2.343856E+04,1.550066E+00,2.297457E+00,3.480735E+04,3.329090E+04,1.796514E+00,3.263114E+00,4.324058E+04,3.701169E+04,2.231654E+00,3.627931E+00,7.061978E+04,6.458089E+04,3.644239E+00,6.328850E+00,8.014234E+04,8.013512E+04,4.135639E+00,7.852997E+00,9.115054E+04,8.507560E+04,4.703487E+00,8.337473E+00,1.676817E+04,1.593475E+03,8.653230E-01,1.561375E-01,1.537769E+04,9.452001E+03,7.935686E-01,9.262268E-01,2.291260E+04,1.239180E+04,1.182355E+00,1.214345E+00
13:50:00,3.003243E+04,2.349930E+04,1.550066E+00,2.303408E+00,3.480731E+04,3.337910E+04,1.796512E+00,3.271758E+00,4.324051E+04,3.716798E+04,2.231651E+00,3.643250E+00,7.061977E+04,6.472863E+04,3.644239E+00,6.343327E+00,8.014229E+04,8.041173E+04,4.135637E+00,7.880102E+00,9.115046E+04,8.544733E+04,4.703483E+00,8.373901E+00,1.676816E+04,1.613776E+03,8.653227E-01,1.581268E-01,1.537766E+04,9.460907E+03,7.935673E-01,9.270995E-01,2.291256E+04,1.244769E+04,1.182352E+00,1.219823E+00
14:00:00,3.003242E+04,2.356165E+04,1.550065E+00,2.309519E+00,3.480727E+04,3.346808E+04,1.796510E+00,3.280479E+00,4.324045E+04,3.732409E+04,2.231648E+00,3.658551E+00,7.061975E+04,6.485575E+04,3.644238E+00,6.355784E+00,8.014223E+04,8.066565E+04,4.135634E+00,7.904984E+00,9.115038E+04,8.579756E+04,4.703479E+00,8.408222E+00,1.676816E+04,1.632378E+03,8.653225E-01,1.599496E-01,1.537764E+04,9.468589E+03,7.935660E-01,9.278523E-01,2.291251E+04,1.250321E+04,1.182350E+00,1.225263E+00
14:10:00,3.003242E+04,2.362826E+04,1.550065E+00,2.316047E+00,3.480724E+04,3.356181E+04,1.796509E+00,3.289665E+00,4.324039E+04,3.748281E+04,2.231645E+00,3.674108E+00,7.061974E+04,6.495583E+04,3.644238E+00,6.365589E+00,8.014218E+04,8.088921E+04,4.135631E+00,7.926890E+00,9.115031E+04,8.611776E+04,4.703475E+00,8.439599E+00,1.676815E+04,1.648193E+03,8.653222E-01,1.614992E-01,1.537761E+04,9.473964E+03,7.935648E-01,9.283790E-01,2.291247E+04,1.255684E+04,1.182347E+00,1.230519E+00
14:20:00,3.003241E+04,2.370121E+04,1.550065E+00,2.323197E+00,3.480720E+04,3.366389E+04,1.796507E+00,3.299671E+00,4.324033E+04,3.764862E+04,2.231642E+00,3.690361E+00,7.061973E+04,6.502733E+04,3.644237E+00,6.372595E+00,8.014214E+04,8.107943E+04,4.135629E+00,7.945529E+00,9.115024E+04,8.640426E+04,4.703471E+00,8.467673E+00,1.676815E+04,1.661214E+03,8.653220E-01,1.627751E-01,1.537759E+04,9.477022E+03,7.935636E-01,9.286786E-01,2.291242E+04,1.260840E+04,1.182345E+00,1.235572E+00
14:30:00,3.003240E+04,2.378151E+04,1.550064E+00,2.331067E+00,3.480717E+04,3.377662E+04,1.796505E+00,3.310720E+00,4.324027E+04,3.782441E+04,2.231639E+00,3.707592E+00,7.061972E+04,6.506889E+04,3.644237E+00,6.376667E+00,8.014209E+04,8.123494E+04,4.135626E+00,7.960766E+00,9.115017E+04,8.665456E+04,4.703468E+00,8.492201E+00,1.676814E+04,1.671449E+03,8.653217E-01,1.637779E-01,1.537757E+04,9.477760E+03,7.935624E-01,9.287508E-01,2.291238E+04,1.265774E+04,1.182343E+00,1.240407E+00
14:40:00,3.003239E+04,2.386972E+04,1.550064E+00,2.339713E+00,3.480713E+04,3.390172E+04,1.796503E+00,3.322983E+00,4.324022E+04,3.801240E+04,2.231636E+00,3.726020E+00,7.061971E+04,6.508007E+04,3.644236E+00,6.377760E+00,8.014204E+04,8.135390E+04,4.135624E+00,7.972422E+00,9.115010E+04,8.686671E+04,4.703464E+00,8.512989E+00,1.676814E+04,1.678937E+03,8.653215E-01,1.645116E-01,1.537754E+04,9.476169E+03,7.935613E-01,9.285948E-01,2.291234E+04,1.270473E+04,1.182341E+00,1.245012E+00
14:50:00,3.003239E+04,2.396604E+04,1.550064E+00,2.349156E+00,3.480710E+04,3.404037E+04,1.796502E+00,3.336573E+00,4.324016E+04,3.821415E+04,2.231633E+00,3.745796E+00,7.061970E+04,6.506081E+04,3.644236E+00,6.375872E+00,8.014200E+04,8.143539E+04,4.135622E+00,7.980405E+00,9.115003E+04,8.703879E+04,4.703461E+00,8.529850E+00,1.676813E+04,1.683711E+03,8.653213E-01,1.649794E-01,1.537752E+04,9.472268E+03,7.935601E-01,9.282124E-01,2.291230E+04,1.274923E+04,1.182339E+00,1.249372E+00
15:00:00,3.003238E+04,2.405950E+04,1.550063E+00,2.358317E+00,3.480707E+04,3.418155E+04,1.796500E+00,3.350412E+00,4.324011E+04,3.841978E+04,2.231630E+00,3.765953E+00,7.061969E+04,6.501121E+04,3.644235E+00,6.371009E+00,8.014195E+04,8.147874E+04,4.135619E+00,7.984651E+00,9.114997E+04,8.716954E+04,4.703457E+00,8.542661E+00,1.676813E+04,1.685796E+03,8.653211E-01,1.651836E-01,1.537750E+04,9.466093E+03,7.935590E-01,9.276072E-01,2.291226E+04,1.279102E+04,1.182337E+00,1.253468E+00
15:10:00,3.003237E+04,2.414136E+04,1.550063E+00,2.366341E+00,3.480704E+04,3.431545E+04,1.796498E+00,3.363538E+00,4.324006E+04,3.862014E+04,2.231628E+00,3.785593E+00,7.061968E+04,6.492942E+04,3.644235E+00,6.362991E+00,8.014191E+04,8.148136E+04,4.135617E+00,7.984907E+00,9.114991E+04,8.725568E+04,4.703454E+00,8.551100E+00,1.676813E+04,1.684690E+03,8.653208E-01,1.650751E-01,1.537748E+04,9.457119E+03,7.935579E-01,9.267277E-01,2.291222E+04,1.282930E+04,1.182335E+00,1.257219E+00
15:20:00,3.003237E+04,2.420841E+04,1.550063E+00,2.372912E+00,3.480701E+04,3.443804E+04,1.796497E+00,3.375554E+00,4.324001E+04,3.881018E+04,2.231625E+00,3.804222E+00,7.061968E+04,6.481635E+04,3.644234E+00,6.351910E+00,8.014187E+04,8.144375E+04,4.135615E+00,7.981219E+00,9.114985E+04,8.729704E+04,4.703451E+00,8.555151E+00,1.676812E+04,1.680386E+03,8.653206E-01,1.646533E-01,1.537746E+04,9.445324E+03,7.935569E-01,9.255717E-01,2.291218E+04,1.286388E+04,1.182333E+00,1.260608E+00
15:30:00,3.003236E+04,2.425910E+04,1.550062E+00,2.377879E+00,3.480698E+04,3.454665E+04,1.796495E+00,3.386199E+00,4.323996E+04,3.898629E+04,2.231622E+00,3.821483E+00,7.061967E+04,6.467326E+04,3.644234E+00,6.337885E+00,8.014183E+04,8.136682E+04,4.135613E+00,7.973679E+00,9.114979E+04,8.729400E+04,4.703448E+00,8.554850E+00,1.676812E+04,1.672837E+03,8.653204E-01,1.639135E-01,1.537744E+04,9.430664E+03,7.935558E-01,9.241349E-01,2.291214E+04,1.289458E+04,1.182331E+00,1.263616E+00
15:40:00,3.003236E+04,2.429221E+04,1.550062E+00,2.381123E+00,3.480695E+04,3.463917E+04,1.796494E+00,3.395267E+00,4.323991E+04,3.914543E+04,2.231620E+00,3.837081E+00,7.061966E+04,6.450177E+04,3.644233E+00,6.321078E+00,8.014179E+04,8.125204E+04,4.135611E+00,7.962429E+00,9.114973E+04,8.724761E+04,4.703445E+00,8.550302E+00,1.676811E+04,1.661974E+03,8.653202E-01,1.628489E-01,1.537742E+04,9.413080E+03,7.935548E-01,9.224117E-01,2.291211E+04,1.292118E+04,1.182329E+00,1.266222E+00
15:50:00,3.003235E+04,2.430673E+04,1.550062E+00,2.382545E+00,3.480692E+04,3.471379E+04,1.796492E+00,3.402579E+00,4.323986E+04,3.928497E+04,2.231618E+00,3.850758E+00,7.061965E+04,6.430356E+04,3.644233E+00,6.301652E+00,8.014175E+04,8.110098E+04,4.135609E+00,7.947625E+00,9.114967E+04,8.715906E+04,4.703442E+00,8.541622E+00,1.676811E+04,1.647716E+03,8.653201E-01,1.614517E-01,1.537740E+04,9.392509E+03,7.935538E-01,9.203957E-01,2.291207E+04,1.294347E+04,1.182327E+00,1.268406E+00
16:00:00,3.003234E+04,2.430181E+04,1.550061E+00,2.382061E+00,3.480689E+04,3.476887E+04,1.796491E+00,3.407976E+00,4.323982E+04,3.940259E+04,2.231615E+00,3.862285E+00,7.061964E+04,6.408065E+04,3.644232E+00,6.279806E+00,8.014171E+04,8.091567E+04,4.135607E+00,7.929464E+00,9.114962E+04,8.703005E+04,4.703439E+00,8.528977E+00,1.676811E+04,1.629978E+03,8.653199E-01,1.597134E-01,1.537738E+04,9.368884E+03,7.935528E-01,9.180804E-01,2.291204E+04,1.296122E+04,1.182325E+00,1.270145E+00
16:10:00,3.003234E+04,2.428414E+04,1.550061E+00,2.380327E+00,3.480686E+04,3.481081E+04,1.796489E+00,3.412085E+00,4.323978E+04,3.950451E+04,2.231613E+00,3.872273E+00,7.061963E+04,6.384519E+04,3.644232E+00,6.256730E+00,8.014167E+04,8.070885E+04,4.135605E+00,7.909195E+00,9.114956E+04,8.687343E+04,4.703437E+00,8.513626E+00,1.676810E+04,1.610783E+03,8.653197E-01,1.578324E-01,1.537736E+04,9.344246E+03,7.935518E-01,9.156659E-01,2.291200E+04,1.297688E+04,1.182324E+00,1.271679E+00
16:20:00,3.003233E+04,2.425372E+04,1.550061E+00,2.377344E+00,3.480684E+04,3.483889E+04,1.796488E+00,3.414835E+00,4.323973E+04,3.958959E+04,2.231611E+00,3.880611E+00,7.061963E+04,6.360114E+04,3.644232E+00,6.232813E+00,8.014164E+04,8.048513E+04,4.135603E+00,7.887271E+00,9.114951E+04,8.669366E+04,4.703434E+00,8.496008E+00,1.676810E+04,1.590041E+03,8.653195E-01,1.557999E-01,1.537734E+04,9.318534E+03,7.935508E-01,9.131461E-01,2.291197E+04,1.299022E+04,1.182322E+00,1.272986E+00
16:30:00,3.003233E+04,2.420305E+04,1.550061E+00,2.372375E+00,3.480681E+04,3.484525E+04,1.796487E+00,3.415457E+00,4.323969E+04,3.965126E+04,2.231609E+00,3.886653E+00,7.061962E+04,6.334557E+04,3.644231E+00,6.207767E+00,8.014160E+04,8.024169E+04,4.135601E+00,7.863414E+00,9.114946E+04,8.648864E+04,4.703431E+00,8.475915E+00,1.676810E+04,1.567705E+03,8.653193E-01,1.536110E-01,1.537732E+04,9.291701E+03,7.935499E-01,9.105165E-01,2.291194E+04,1.300105E+04,1.182320E+00,1.274047E+00
16:40:00,3.003232E+04,2.413214E+04,1.550060E+00,2.365423E+00,3.480679E+04,3.482961E+04,1.796485E+00,3.413921E+00,4.323965E+04,3.968936E+04,2.231607E+00,3.890385E+00,7.061961E+04,6.308568E+04,3.644231E+00,6.182297E+00,8.014157E+04,7.998735E+04,4.135600E+00,7.838489E+00,9.114941E+04,8.626670E+04,4.703429E+00,8.454164E+00,1.676809E+04,1.543714E+03,8.653192E-01,1.512601E-01,1.537731E+04,9.263700E+03,7.935490E-01,9.077724E-01,2.291191E+04,1.300916E+04,1.182319E+00,1.274842E+00
16:50:00,3.003232E+04,2.404030E+04,1.550060E+00,2.356418E+00,3.480676E+04,3.479067E+04,1.796484E+00,3.410103E+00,4.323961E+04,3.970301E+04,2.231604E+00,3.891722E+00,7.061960E+04,6.282455E+04,3.644231E+00,6.156707E+00,8.014154E+04,7.972623E+04,4.135598E+00,7.812901E+00,9.114936E+04,8.603261E+04,4.703426E+00,8.431223E+00,1.676809E+04,1.518008E+03,8.653190E-01,1.487411E-01,1.537729E+04,9.234483E+03,7.935481E-01,9.049092E-01,2.291188E+04,1.301436E+04,1.182317E+00,1.275351E+00
17:00:00,3.003231E+04,2.392571E+04,1.550060E+00,2.345183E+00,3.480674E+04,3.472600E+04,1.796483E+00,3.403761E+00,4.323957E+04,3.969037E+04,2.231602E+00,3.890480E+00,7.061960E+04,6.256172E+04,3.644230E+00,6.130950E+00,8.014150E+04,7.945894E+04,4.135596E+00,7.786707E+00,9.114932E+04,8.578819E+04,4.703424E+00,8.407270E+00,1.676809E+04,1.490533E+03,8.653189E-01,1.460488E-01,1.537727E+04,9.204010E+03,7.935472E-01,9.019229E-01,2.291185E+04,1.301647E+04,1.182316E+00,1.275558E+00
17:10:00,3.003231E+04,2.378645E+04,1.550059E+00,2.331530E+00,3.480671E+04,3.463306E+04,1.796482E+00,3.394649E+00,4.323953E+04,3.964937E+04,2.231601E+00,3.886459E+00,7.061959E+04,6.229488E+04,3.644230E+00,6.104801E+00,8.014147E+04,7.918386E+04,4.135594E+00,7.759751E+00,9.114927E+04,8.553364E+04,4.703421E+00,8.382324E+00,1.676808E+04,1.461235E+03,8.653187E-01,1.431779E-01,1.537725E+04,9.172243E+03,7.935463E-01,8.988098E-01,2.291182E+04,1.301533E+04,1.182314E+00,1.275446E+00
17:20:00,3.003230E+04,2.362047E+04,1.550059E+00,2.315258E+00,3.480669E+04,3.450852E+04,1.796480E+00,3.382440E+00,4.323950E+04,3.957688E+04,2.231599E+00,3.879350E+00,7.061958E+04,6.201979E+04,3.644229E+00,6.077843E+00,8.014144E+04,7.889738E+04,4.135593E+00,7.731678E+00,9.114923E+04,8.526662E+04,4.703419E+00,8.356157E+00,1.676808E+04,1.430071E+03,8.653185E-01,1.401241E-01,1.537724E+04,9.139151E+03,7.935454E-01,8.955669E-01,2.291179E+04,1.301077E+04,1.182313E+00,1.274999E+00
17:30:00,3.003230E+04,2.343278E+04,1.550059E+00,2.296857E+00,3.480667E+04,3.435624E+04,1.796479E+00,3.367511E+00,4.323946E+04,3.947520E+04,2.231597E+00,3.869380E+00,7.061958E+04,6.173797E+04,3.644229E+00,6.050225E+00,8.014141E+04,7.860099E+04,4.135591E+00,7.702633E+00,9.114918E+04,8.498908E+04,4.703417E+00,8.328958E+00,1.676808E+04,1.396986E+03,8.653184E-01,1.368821E-01,1.537722E+04,9.104699E+03,7.935446E-01,8.921907E-01,2.291176E+04,1.300265E+04,1.182311E+00,1.274203E+00
17:40:00,3.003229E+04,2.322264E+04,1.550059E+00,2.276256E+00,3.480665E+04,3.417218E+04,1.796478E+00,3.349466E+00,4.323943E+04,3.933974E+04,2.231595E+00,3.856099E+00,7.061957E+04,6.144028E+04,3.644229E+00,6.021052E+00,8.014138E+04,7.828275E+04,4.135590E+00,7.671447E+00,9.114914E+04,8.469071E+04,4.703415E+00,8.299718E+00,1.676807E+04,1.361928E+03,8.653182E-01,1.334468E-01,1.537720E+04,9.068852E+03,7.935438E-01,8.886778E-01,2.291173E+04,1.299082E+04,1.182310E+00,1.273044E+00
17:50:00,3.003229E+04,2.299114E+04,1.550059E+00,2.253562E+00,3.480662E+04,3.395319E+04,1.796477E+00,3.327998E+00,4.323939E+04,3.916654E+04,2.231593E+00,3.839119E+00,7.061957E+04,6.112155E+04,3.644229E+00,5.989818E+00,8.014135E+04,7.793373E+04,4.135588E+00,7.637244E+00,9.114910E+04,8.436290E+04,4.703413E+00,8.267593E+00,1.676807E+04,1.324842E+03,8.653181E-01,1.298128E-01,1.537719E+04,9.031568E+03,7.935430E-01,8.850241E-01,2.291171E+04,1.297514E+04,1.182308E+00,1.271506E+00
18:00:00,3.003229E+04,2.274096E+04,1.550058E+00,2.229036E+00,3.480660E+04,3.369758E+04,1.796476E+00,3.302941E+00,4.323936E+04,3.895286E+04,2.231592E+00,3.818171E+00,7.061956E+04,6.078011E+04,3.644228E+00,5.956358E+00,8.014132E+04,7.754751E+04,4.135587E+00,7.599396E+00,9.114906E+04,8.399873E+04,4.703411E+00,8.231905E+00,1.676807E+04,1.285659E+03,8.653180E-01,1.259733E-01,1.537717E+04,8.992787E+03,7.935422E-01,8.812237E-01,2.291168E+04,1.295544E+04,1.182307E+00,1.269576E+00
18:10:00,3.054710E+04,2.246536E+04,1.576630E+00,2.202019E+00,3.532188E+04,3.339154E+04,1.823071E+00,3.272941E+00,4.520569E+04,3.868159E+04,2.333074E+00,3.791577E+00,7.164920E+04,6.039689E+04,3.697361E+00,5.918803E+00,8.117188E+04,7.709823E+04,4.188768E+00,7.555369E+00,9.411469E+04,8.356972E+04,4.856441E+00,8.189861E+00,1.728289E+04,1.242699E+03,8.918852E-01,1.217637E-01,1.589245E+04,8.950822E+03,8.201333E-01,8.771113E-01,2.471684E+04,1.292951E+04,1.275458E+00,1.267034E+00
18:20:00,3.106207E+04,2.215737E+04,1.603208E+00,2.171828E+00,3.583728E+04,3.304112E+04,1.849672E+00,3.238590E+00,4.717320E+04,3.835488E+04,2.434610E+00,3.759548E+00,7.268011E+04,5.997594E+04,3.750551E+00,5.877550E+00,8.220355E+04,7.658971E+04,4.241997E+00,7.505536E+00,9.708349E+04,8.307461E+04,5.009602E+00,8.141340E+00,1.779942E+04,1.195857E+03,9.185358E-01,1.171737E-01,1.640959E+04,8.905558E+03,8.468153E-01,8.726756E-01,2.652711E+04,1.289714E+04,1.368848E+00,1.263862E+00
18:30:00,3.157747E+04,2.182264E+04,1.629807E+00,2.139013E+00,3.635317E+04,3.265242E+04,1.876296E+00,3.200485E+00,4.914248E+04,3.797369E+04,2.536221E+00,3.722178E+00,7.371159E+04,5.951995E+04,3.803762E+00,5.832864E+00,8.323596E+04,7.602503E+04,4.295254E+00,7.450198E+00,1.000546E+05,8.251056E+04,5.162843E+00,8.086062E+00,1.831532E+04,1.144990E+03,9.451533E-01,1.121895E-01,1.692600E+04,8.856852E+03,8.734593E-01,8.679025E-01,2.833592E+04,1.285810E+04,1.462157E+00,1.260035E+00
18:40:00,3.209336E+04,2.146102E+04,1.656428E+00,2.103559E+00,3.686959E+04,3.223126E+04,1.902943E+00,3.159201E+00,5.111386E+04,3.753942E+04,2.637920E+00,3.679606E+00,7.474407E+04,5.902984E+04,3.857015E+00,5.784834E+00,8.426943E+04,7.540678E+04,4.348554E+00,7.389611E+00,1.030286E+05,8.187479E+04,5.316192E+00,8.023755E+00,1.883149E+04,1.089986E+03,9.717845E-01,1.067998E-01,1.744268E+04,8.804573E+03,9.001167E-01,8.627794E-01,3.014575E+04,1.281214E+04,1.555513E+00,1.255531E+00
18:50:00,3.260965E+04,2.106804E+04,1.683068E+00,2.065030E+00,3.738644E+04,3.177908E+04,1.929609E+00,3.114875E+00,5.308668E+04,3.705093E+04,2.739674E+00,3.631718E+00,7.577722E+04,5.849840E+04,3.910294E+00,5.732753E+00,8.530359E+04,7.472874E+04,4.401880E+00,7.323165E+00,1.060044E+05,8.115782E+04,5.469595E+00,7.953490E+00,1.934779E+04,1.030765E+03,9.984214E-01,1.009969E-01,1.795947E+04,8.748620E+03,9.267791E-01,8.572962E-01,3.195610E+04,1.275904E+04,1.648893E+00,1.250327E+00
19:00:00,3.312626E+04,2.064599E+04,1.709721E+00,2.023650E+00,3.790360E+04,3.130336E+04,1.956289E+00,3.068243E+00,5.506040E+04,3.651585E+04,2.841462E+00,3.579264E+00,7.681076E+04,5.793064E+04,3.963588E+00,5.677113E+00,8.633813E+04,7.399774E+04,4.455219E+00,7.251530E+00,1.089810E+05,8.036427E+04,5.623021E+00,7.875722E+00,1.986417E+04,9.672669E+02,1.025062E+00,9.477498E-02,1.847632E+04,8.688913E+03,9.534449E-01,8.514451E-01,3.376678E+04,1.269858E+04,1.742288E+00,1.244402E+00
19:10:00,3.312828E+04,2.022135E+04,1.709814E+00,1.982015E+00,3.790569E+04,3.083812E+04,1.956383E+00,3.022638E+00,5.506831E+04,3.597358E+04,2.841788E+00,3.526105E+00,7.681489E+04,5.736857E+04,3.963757E+00,5.622030E+00,8.634231E+04,7.325948E+04,4.455384E+00,7.179183E+00,1.089923E+05,7.954255E+04,5.623430E+00,7.795192E+00,1.986579E+04,9.042679E+02,1.025139E+00,8.860197E-02,1.847794E+04,8.630213E+03,9.535217E-01,8.456926E-01,3.377252E+04,1.263667E+04,1.742541E+00,1.238335E+00
19:20:00,3.313034E+04,1.981439E+04,1.709907E+00,1.942112E+00,3.790783E+04,3.039040E+04,1.956478E+00,2.978752E+00,5.507541E+04,3.543619E+04,2.842076E+00,3.473427E+00,7.681789E+04,5.682580E+04,3.963876E+00,5.568840E+00,8.634551E+04,7.252704E+04,4.455507E+00,7.107408E+00,1.090007E+05,7.870962E+04,5.623719E+00,7.713565E+00,1.986577E+04,8.417570E+02,1.025135E+00,8.247681E-02,1.847775E+04,8.572512E+03,9.535099E-01,8.400381E-01,3.377333E+04,1.257319E+04,1.742563E+00,1.232113E+00
19:30:00,3.313211E+04,1.943420E+04,1.709987E+00,1.904837E+00,3.790962E+04,2.996897E+04,1.956556E+00,2.937444E+00,5.508102E+04,3.491901E+04,2.842300E+00,3.422730E+00,7.682043E+04,5.632725E+04,3.963978E+00,5.519986E+00,8.634808E+04,7.182496E+04,4.455605E+00,7.038608E+00,1.090071E+05,7.789427E+04,5.623939E+00,7.633661E+00,1.986641E+04,7.798824E+02,1.025167E+00,7.641403E-02,1.847832E+04,8.515898E+03,9.535382E-01,8.344901E-01,3.377573E+04,1.250812E+04,1.742673E+00,1.225737E+00
19:40:00,3.313351E+04,1.908794E+04,1.710050E+00,1.870891E+00,3.791098E+04,2.957802E+04,1.956616E+00,2.899125E+00,5.508471E+04,3.443273E+04,2.842446E+00,3.375064E+00,7.682203E+04,5.586801E+04,3.964041E+00,5.474986E+00,8.634964E+04,7.116669E+04,4.455663E+00,6.974102E+00,1.090106E+05,7.711639E+04,5.624058E+00,7.557431E+00,1.986682E+04,7.188959E+02,1.025186E+00,7.043830E-02,1.847867E+04,8.460527E+03,9.535548E-01,8.290641E-01,3.377723E+04,1.244159E+04,1.742741E+00,1.219216E+00
19:50:00,3.313458E+04,1.878284E+04,1.710098E+00,1.840981E+00,3.791201E+04,2.922414E+04,1.956660E+00,2.864439E+00,5.508712E+04,3.398881E+04,2.842543E+00,3.331550E+00,7.682302E+04,5.546523E+04,3.964081E+00,5.435516E+00,8.635057E+04,7.057014E+04,4.455699E+00,6.915646E+00,1.090126E+05,7.639944E+04,5.624130E+00,7.487172E+00,1.986715E+04,6.591153E+02,1.025202E+00,6.458076E-02,1.847895E+04,8.406608E+03,9.535680E-01,8.237803E-01,3.377830E+04,1.237380E+04,1.742789E+00,1.212572E+00
20:00:00,3.313542E+04,1.851826E+04,1.710136E+00,1.815045E+00,3.791278E+04,2.890696E+04,1.956695E+00,2.833352E+00,5.508876E+04,3.358872E+04,2.842611E+00,3.292335E+00,7.682365E+04,5.511767E+04,3.964106E+00,5.401455E+00,8.635116E+04,7.003883E+04,4.455722E+00,6.863584E+00,1.090139E+05,7.575127E+04,5.624183E+00,7.423656E+00,1.986741E+04,6.009374E+02,1.025215E+00,5.888028E-02,1.847918E+04,8.354394E+03,9.535790E-01,8.186635E-01,3.377911E+04,1.230505E+04,1.742827E+00,1.205835E+00
20:10:00,3.313608E+04,1.828654E+04,1.710166E+00,1.792331E+00,3.791338E+04,2.861966E+04,1.956721E+00,2.805194E+00,5.508992E+04,3.322492E+04,2.842662E+00,3.256678E+00,7.682407E+04,5.481463E+04,3.964124E+00,5.371755E+00,8.635156E+04,6.956698E+04,4.455739E+00,6.817349E+00,1.090148E+05,7.516719E+04,5.624225E+00,7.366421E+00,1.986764E+04,5.437391E+02,1.025225E+00,5.327583E-02,1.847937E+04,8.303091E+03,9.535885E-01,8.136362E-01,3.377975E+04,1.223435E+04,1.742857E+00,1.198907E+00
20:20:00,3.313660E+04,1.807929E+04,1.710190E+00,1.772017E+00,3.791384E+04,2.835574E+04,1.956742E+00,2.779328E+00,5.509078E+04,3.289057E+04,2.842701E+00,3.223907E+00,7.682437E+04,5.454357E+04,3.964137E+00,5.345189E+00,8.635185E+04,6.914403E+04,4.455752E+00,6.775905E+00,1.090155E+05,7.463851E+04,5.624260E+00,7.314615E+00,1.986782E+04,4.879657E+02,1.025234E+00,4.781101E-02,1.847954E+04,8.252968E+03,9.535966E-01,8.087245E-01,3.378026E+04,1.216211E+04,1.742881E+00,1.191827E+00
20:30:00,3.313701E+04,1.788605E+04,1.710208E+00,1.753076E+00,3.791421E+04,2.810625E+04,1.956759E+00,2.754876E+00,5.509144E+04,3.257618E+04,2.842731E+00,3.193093E+00,7.682458E+04,5.428135E+04,3.964147E+00,5.319487E+00,8.635208E+04,6.874876E+04,4.455763E+00,6.737175E+00,1.090161E+05,7.414622E+04,5.624288E+00,7.266375E+00,1.986797E+04,4.339886E+02,1.025242E+00,4.252221E-02,1.847968E+04,8.204247E+03,9.536036E-01,8.039502E-01,3.378068E+04,1.208868E+04,1.742902E+00,1.184631E+00
20:40:00,3.313734E+04,1.770235E+04,1.710223E+00,1.735070E+00,3.791451E+04,2.786736E+04,1.956772E+00,2.731463E+00,5.509196E+04,3.227681E+04,2.842755E+00,3.163751E+00,7.682473E+04,5.403612E+04,3.964154E+00,5.295446E+00,8.635226E+04,6.837225E+04,4.455772E+00,6.700282E+00,1.090166E+05,7.368069E+04,5.624311E+00,7.220757E+00,1.986810E+04,3.820472E+02,1.025248E+00,3.743290E-02,1.847981E+04,8.157071E+03,9.536098E-01,7.993273E-01,3.378103E+04,1.201435E+04,1.742919E+00,1.177347E+00
20:50:00,3.313760E+04,1.752684E+04,1.710235E+00,1.717867E+00,3.791475E+04,2.763740E+04,1.956783E+00,2.708924E+00,5.509236E+04,3.198947E+04,2.842774E+00,3.135587E+00,7.682485E+04,5.380156E+04,3.964159E+00,5.272455E+00,8.635242E+04,6.801081E+04,4.455779E+00,6.664865E+00,1.090170E+05,7.323633E+04,5.624331E+00,7.177214E+00,1.986821E+04,3.322854E+02,1.025253E+00,3.255718E-02,1.847992E+04,8.111511E+03,9.536152E-01,7.948628E-01,3.378133E+04,1.193935E+04,1.742934E+00,1.169997E+00
21:00:00,3.313780E+04,1.735886E+04,1.710245E+00,1.701402E+00,3.791494E+04,2.741542E+04,1.956792E+00,2.687167E+00,5.509269E+04,3.171217E+04,2.842790E+00,3.108407E+00,7.682494E+04,5.357701E+04,3.964163E+00,5.250447E+00,8.635255E+04,6.766244E+04,4.455786E+00,6.630729E+00,1.090173E+05,7.280943E+04,5.624347E+00,7.135381E+00,1.986831E+04,2.847432E+02,1.025258E+00,2.789895E-02,1.848001E+04,8.067578E+03,9.536200E-01,7.905577E-01,3.378158E+04,1.186386E+04,1.742946E+00,1.162599E+00
21:10:00,3.313797E+04,1.719417E+04,1.710252E+00,1.685259E+00,3.791510E+04,2.719700E+04,1.956800E+00,2.665759E+00,5.509297E+04,3.143945E+04,2.842804E+00,3.081676E+00,7.682501E+04,5.335765E+04,3.964167E+00,5.228947E+00,8.635267E+04,6.732149E+04,4.455792E+00,6.597319E+00,1.090176E+05,7.239270E+04,5.624362E+00,7.094544E+00,1.986839E+04,2.383065E+02,1.025262E+00,2.334907E-02,1.848010E+04,8.024165E+03,9.536243E-01,7.863036E-01,3.378180E+04,1.178664E+04,1.742957E+00,1.155032E+00
21:20:00,3.313810E+04,1.703214E+04,1.710259E+00,1.669377E+00,3.791524E+04,2.698146E+04,1.956807E+00,2.644633E+00,5.509321E+04,3.117009E+04,2.842816E+00,3.055274E+00,7.682507E+04,5.314248E+04,3.964170E+00,5.207859E+00,8.635279E+04,6.698657E+04,4.455797E+00,6.564501E+00,1.090178E+05,7.198376E+04,5.624375E+00,7.054471E+00,1.986845E+04,1.929107E+02,1.025265E+00,1.890119E-02,1.848018E+04,7.981226E+03,9.536282E-01,7.820959E-01,3.378199E+04,1.170782E+04,1.742967E+00,1.147307E+00
21:30:00,3.313821E+04,1.687244E+04,1.710264E+00,1.653724E+00,3.791536E+04,2.676841E+04,1.956812E+00,2.623751E+00,5.509341E+04,3.090331E+04,2.842826E+00,3.029125E+00,7.682512E+04,5.293104E+04,3.964172E+00,5.187136E+00,8.635289E+04,6.665694E+04,4.455803E+00,6.532200E+00,1.090181E+05,7.158113E+04,5.624387E+00,7.015015E+00,1.986851E+04,1.484557E+02,1.025268E+00,1.454550E-02,1.848025E+04,7.938703E+03,9.536317E-01,7.779290E-01,3.378216E+04,1.162749E+04,1.742976E+00,1.139435E+00
21:40:00,3.313830E+04,1.671484E+04,1.710268E+00,1.638275E+00,3.791547E+04,2.655760E+04,1.956817E+00,2.603088E+00,5.509360E+04,3.063859E+04,2.842836E+00,3.003177E+00,7.682516E+04,5.272303E+04,3.964174E+00,5.166750E+00,8.635299E+04,6.633212E+04,4.455808E+00,6.500370E+00,1.090183E+05,7.118376E+04,5.624398E+00,6.976075E+00,1.986856E+04,1.051589E+02,1.025270E+00,1.030333E-02,1.848031E+04,7.896535E+03,9.536350E-01,7.737969E-01,3.378232E+04,1.154577E+04,1.742984E+00,1.131427E+00
21:50:00,3.313837E+04,1.655915E+04,1.710271E+00,1.623014E+00,3.791556E+04,2.634885E+04,1.956822E+00,2.582627E+00,5.509377E+04,3.037558E+04,2.842844E+00,2.977396E+00,7.682520E+04,5.251827E+04,3.964176E+00,5.146682E+00,8.635309E+04,6.601178E+04,4.455813E+00,6.468981E+00,1.090185E+05,7.079097E+04,5.624408E+00,6.937583E+00,1.986861E+04,6.948787E+01,1.025272E+00,6.808317E-03,1.848037E+04,7.854666E+03,9.536380E-01,7.696941E-01,3.378246E+04,1.146276E+04,1.742991E+00,1.123291E+00
22:00:00,3.313843E+04,1.640522E+04,1.710274E+00,1.607925E+00,3.791564E+04,2.614203E+04,1.956826E+00,2.562355E+00,5.509392E+04,3.011406E+04,2.842852E+00,2.951761E+00,7.682524E+04,5.231661E+04,3.964178E+00,5.126919E+00,8.635318E+04,6.569570E+04,4.455818E+00,6.438007E+00,1.090187E+05,7.040226E+04,5.624417E+00,6.899492E+00,1.986864E+04,4.127539E+01,1.025274E+00,4.044095E-03,1.848043E+04,7.813043E+03,9.536407E-01,7.656153E-01,3.378259E+04,1.137856E+04,1.742997E+00,1.115040E+00
22:10:00,3.313848E+04,1.360680E+04,1.710277E+00,1.333643E+00,3.791572E+04,2.169875E+04,1.956830E+00,2.126840E+00,5.509407E+04,2.500177E+04,2.842860E+00,2.450353E+00,7.682527E+04,4.641104E+04,3.964180E+00,4.488805E+00,8.635327E+04,5.933571E+04,4.455823E+00,5.718123E+00,1.090188E+05,6.376087E+04,5.624426E+00,6.140546E+00,1.986868E+04,2.037346E+01,1.025276E+00,1.996155E-03,1.848048E+04,6.493525E+03,9.536433E-01,6.363132E-01,3.378271E+04,9.447097E+03,1.743004E+00,9.257668E-01
22:20:00,3.313852E+04,1.083444E+04,1.710279E+00,1.061915E+00,3.791580E+04,1.821823E+04,1.956834E+00,1.766652E+00,5.509420E+04,2.120781E+04,2.842867E+00,2.051988E+00,7.682530E+04,4.219472E+04,3.964181E+00,3.982971E+00,8.635336E+04,5.581459E+04,4.455827E+00,5.219709E+00,1.090190E+05,5.987145E+04,5.624435E+00,5.596261E+00,1.986870E+04,6.652466E+00,1.025277E+00,6.517957E-04,1.848053E+04,5.180995E+03,9.536458E-01,5.076958E-01,3.378282E+04,7.529392E+03,1.743009E+00,7.378415E-01
22:30:00,3.313856E+04,8.087850E+03,1.710280E+00,7.927137E-01,3.791586E+04,1.559547E+04,1.956837E+00,1.474438E+00,5.509433E+04,1.833477E+04,2.842873E+00,1.725754E+00,7.682533E+04,3.931120E+04,3.964183E+00,3.579357E+00,8.635345E+04,5.344877E+04,4.455832E+00,4.809127E+00,1.090191E+05,5.706657E+04,5.624443E+00,5.135128E+00,1.986873E+04,0.000000E+00,1.025279E+00,0.000000E+00,1.848058E+04,3.875409E+03,9.536481E-01,3.797589E-01,3.378292E+04,5.625651E+03,1.743015E+00,5.512847E-01
22:40:00,3.313859E+04,5.366751E+03,1.710282E+00,5.260106E-01,3.791593E+04,1.356008E+04,1.956841E+00,1.227267E+00,5.509445E+04,1.602577E+04,2.842880E+00,1.443478E+00,7.682535E+04,3.685674E+04,3.964184E+00,3.208611E+00,8.635353E+04,5.135545E+04,4.455836E+00,4.419980E+00,1.090193E+05,5.450353E+04,5.624451E+00,4.693499E+00,1.986875E+04,0.000000E+00,1.025280E+00,0.000000E+00,1.848062E+04,2.576732E+03,9.536504E-01,2.524990E-01,3.378302E+04,4.024465E+03,1.743020E+00,3.884911E-01
22:50:00,3.313862E+04,2.670882E+03,1.710283E+00,2.617806E-01,3.791599E+04,1.159202E+04,1.956844E+00,9.856050E-01,5.509457E+04,1.372114E+04,2.842886E+00,1.162313E+00,7.682538E+04,3.442909E+04,3.964185E+00,2.840611E+00,8.635362E+04,4.929664E+04,4.455840E+00,4.034570E+00,1.090194E+05,5.198634E+04,5.624458E+00,4.256750E+00,1.986877E+04,0.000000E+00,1.025281E+00,0.000000E+00,1.848066E+04,1.284937E+03,9.536525E-01,1.259134E-01,3.378311E+04,2.522072E+03,1.743024E+00,2.338144E-01
23:00:00,3.313864E+04,0.000000E+00,1.710285E+00,0.000000E+00,3.791605E+04,9.693207E+03,1.956847E+00,7.499880E-01,5.509468E+04,1.150773E+04,2.842891E+00,8.890878E-01,7.682540E+04,3.206234E+04,3.964187E+00,2.477992E+00,8.635370E+04,4.728745E+04,4.455844E+00,3.654065E+00,1.090196E+05,4.952800E+04,5.624465E+00,3.825886E+00,1.986879E+04,0.000000E+00,1.025282E+00,0.000000E+00,1.848070E+04,0.000000E+00,9.536546E-01,0.000000E+00,3.378320E+04,9.485076E+02,1.743029E+00,7.362977E-02
23:10:00,3.313867E+04,3.059869E+02,1.710286E+00,2.385875E-02,3.791611E+04,1.209376E+04,1.956850E+00,9.352160E-01,5.509478E+04,1.418717E+04,2.842897E+00,1.095828E+00,7.682542E+04,3.542287E+04,3.964188E+00,2.736293E+00,8.635377E+04,5.135472E+04,4.455848E+00,3.966179E+00,1.090197E+05,5.336233E+04,5.624472E+00,4.120454E+00,1.986881E+04,0.000000E+00,1.025283E+00,0.000000E+00,1.848074E+04,0.000000E+00,9.536566E-01,0.000000E+00,3.378328E+04,1.670293E+03,1.743033E+00,1.293162E-01
23:20:00,3.313868E+04,8.347394E+02,1.710287E+00,6.465597E-02,3.791616E+04,1.356278E+04,1.956853E+00,1.048255E+00,5.509489E+04,1.558599E+04,2.842902E+00,1.203352E+00,7.682544E+04,3.711674E+04,3.964189E+00,2.864776E+00,8.635385E+04,5.261863E+04,4.455852E+00,4.060692E+00,1.090198E+05,5.449223E+04,5.624478E+00,4.205418E+00,1.986882E+04,0.000000E+00,1.025283E+00,0.000000E+00,1.848078E+04,0.000000E+00,9.536585E-01,0.000000E+00,3.378336E+04,2.312005E+03,1.743037E+00,1.788279E-01
23:30:00,3.313870E+04,1.211578E+03,1.710287E+00,9.373008E-02,3.791622E+04,1.420278E+04,1.956855E+00,1.096257E+00,5.509498E+04,1.609780E+04,2.842907E+00,1.242273E+00,7.682546E+04,3.749477E+04,3.964190E+00,2.893057E+00,8.635392E+04,5.275870E+04,4.455856E+00,4.070907E+00,1.090200E+05,5.457878E+04,5.624485E+00,4.211775E+00,1.986884E+04,0.000000E+00,1.025284E+00,0.000000E+00,1.848081E+04,1.059169E+02,9.536603E-01,8.233622E-03,3.378344E+04,2.988967E+03,1.743041E+00,2.310592E-01
23:40:00,3.313872E+04,1.643367E+03,1.710288E+00,1.270431E-01,3.791627E+04,1.428344E+04,1.956858E+00,1.102093E+00,5.509508E+04,1.607875E+04,2.842912E+00,1.240702E+00,7.682548E+04,3.745853E+04,3.964191E+00,2.890310E+00,8.635400E+04,5.265665E+04,4.455860E+00,4.063124E+00,1.090201E+05,5.446357E+04,5.624491E+00,4.203069E+00,1.986885E+04,0.000000E+00,1.025285E+00,0.000000E+00,1.848085E+04,2.950962E+02,9.536621E-01,2.282897E-02,3.378351E+04,3.382314E+03,1.743045E+00,2.612840E-01
23:50:00,3.313873E+04,2.074040E+03,1.710289E+00,1.602703E-01,3.791632E+04,1.432421E+04,1.956861E+00,1.105243E+00,5.509517E+04,1.608762E+04,2.842917E+00,1.241412E+00,7.682550E+04,3.740832E+04,3.964192E+00,2.886493E+00,8.635407E+04,5.254931E+04,4.455863E+00,4.054937E+00,1.090202E+05,5.434107E+04,5.624497E+00,4.193791E+00,1.986886E+04,0.000000E+00,1.025285E+00,0.000000E+00,1.848088E+04,4.301272E+02,9.536639E-01,3.324661E-02,3.378358E+04,3.694174E+03,1.743049E+00,2.850262E-01
24:00:00,3.313875E+04,2.501922E+03,1.710290E+00,1.932821E-01,3.791637E+04,1.432255E+04,1.956863E+00,1.105121E+00,5.509526E+04,1.603677E+04,2.842921E+00,1.237511E+00,7.682552E+04,3.730840E+04,3.964193E+00,2.878833E+00,8.635414E+04,5.242048E+04,4.455867E+00,4.045079E+00,1.090203E+05,5.419696E+04,5.624502E+00,4.182824E+00,1.986887E+04,0.000000E+00,1.025286E+00,0.000000E+00,1.848092E+04,6.161623E+02,9.536656E-01,4.759910E-02,3.378365E+04,4.092547E+03,1.743052E+00,3.157619E-01
Peak,3.313898E+04,2.430673E+04,1.710302E+00,2.382545E+00,3.791750E+04,3.484525E+04,1.956922E+00,3.415457E+00,5.509719E+04,3.970301E+04,2.843021E+00,3.891722E+00,7.682582E+04,6.508007E+04,3.964208E+00,6.377760E+00,8.635569E+04,8.148136E+04,4.455947E+00,7.984907E+00,1.090226E+05,8.729704E+04,5.624623E+00,8.555151E+00,1.986895E+04,1.685796E+03,1.025290E+00,1.651836E-01,1.848160E+04,1.501164E+04,9.537007E-01,1.362127E+00,3.378502E+04,1.751461E+04,1.743123E+00,1.607972E+00

Peak Vol Flow (m3/s),,,1.429788E+00,1.991774E+00,,,1.635959E+00,2.855274E+00,,,2.376726E+00,3.253425E+00,,,3.314023E+00,5.331718E+00,,,3.725109E+00,6.675270E+00,,,4.702106E+00,7.151986E+00,,,8.571280E-01,1.380912E-01,,,7.972804E-01,1.138719E+00,,,1.457226E+00,1.344242E+00
