<Attribute>
  <UUID>{52d6b49a-a305-4864-b82e-d4d014f56895}</UUID>
  <VersionUUID>{efd1d06c-e018-494f-ac32-15a9fe390ab7}</VersionUUID>
  <Name>Report</Name>
  <ValueType>AttributeVector</ValueType>
  <Value>
    <Attribute>
      <UUID>{63ca78be-0b4d-44ae-bc65-6cb57100d17c}</UUID>
      <VersionUUID>{66c18f73-b070-4db2-9b01-cd16be7dbbc6}</VersionUUID>
      <Name>Total Site Energy</Name>
      <Source>OpenStudioPostProcess</Source>
      <ValueType>Double</ValueType>
      <Value>2402.26</Value>
      <Units>GJ</Units>
    </Attribute>
    <Attribute>
      <UUID>{cfb79b0a-68f7-4f8f-abe2-8cec8af55550}</UUID>
      <VersionUUID>{58c63e73-3c27-4ab5-933f-e5c35bbeddfb}</VersionUUID>
      <Name>Net Site Energy</Name>
      <Source>OpenStudioPostProcess</Source>
      <ValueType>Double</ValueType>
      <Value>2402.26</Value>
      <Units>GJ</Units>
    </Attribute>
    <Attribute>
      <UUID>{cfe3469d-181b-46ff-9c0a-959337d4bb72}</UUID>
      <VersionUUID>{1c51dadf-b788-4d2b-ab64-87186748bb38}</VersionUUID>
      <Name>Total Source Energy</Name>
      <Source>OpenStudioPostProcess</Source>
      <ValueType>Double</ValueType>
      <Value>5643.62</Value>
      <Units>GJ</Units>
    </Attribute>
    <Attribute>
      <UUID>{52a4de43-cebb-4a46-a73d-c9dd2d4f369a}</UUID>
      <VersionUUID>{377a1d59-ef4d-4425-b51d-1600f063e91d}</VersionUUID>
      <Name>Net Source Energy</Name>
      <Source>OpenStudioPostProcess</Source>
      <ValueType>Double</ValueType>
      <Value>5643.62</Value>
      <Units>GJ</Units>
    </Attribute>
    <Attribute>
      <UUID>{97d7fae9-f5ee-4f3f-87fa-e8a4f36d899d}</UUID>
      <VersionUUID>{269d4b71-f87b-476b-b639-62ec9f7b6fa8}</VersionUUID>
      <Name>Net Site Energy Use Intensity</Name>
      <Source>OpenStudioPostProcess</Source>
      <ValueType>Double</ValueType>
      <Value>667.3</Value>
      <Units>MJ/m^2</Units>
    </Attribute>
    <Attribute>
      <UUID>{11369004-2ccb-49bb-b1a2-7c818ad8f1d1}</UUID>
      <VersionUUID>{f87c15f3-92a1-4439-8919-4c2b8acba043}</VersionUUID>
      <Name>Instantaneous Peak Electricity Demand</Name>
      <Source>OpenStudioPostProcess</Source>
      <ValueType>Double</ValueType>
      <Value>81607.66</Value>
      <Units>kW</Units>
    </Attribute>
    <Attribute>
      <UUID>{8110dd97-2738-46b0-9dc7-728c2c8c078b}</UUID>
      <VersionUUID>{8732b321-ca44-46b8-ab5d-3d1455e464c6}</VersionUUID>
      <Name>Electricity Total End Uses</Name>
      <Source>OpenStudioPostProcess</Source>
      <ValueType>Double</ValueType>
      <Value>1334.28</Value>
      <Units>GJ</Units>
    </Attribute>
    <Attribute>
      <UUID>{b7cdddde-7bb8-4faa-8b96-07b642273b7d}</UUID>
      <VersionUUID>{36a055e7-86de-46ca-8809-6a9b88191649}</VersionUUID>
      <Name>Natural Gas Total End Uses</Name>
      <Source>OpenStudioPostProcess</Source>
      <ValueType>Double</ValueType>
      <Value>0</Value>
      <Units>GJ</Units>
    </Attribute>
    <Attribute>
      <UUID>{eeaf409a-858e-4b6a-8ad6-79340fd0e5f1}</UUID>
      <VersionUUID>{cbc9ccb4-5465-44a4-84f8-c3c41a41e419}</VersionUUID>
      <Name>District Cooling Total End Uses</Name>
      <Source>OpenStudioPostProcess</Source>
      <ValueType>Double</ValueType>
      <Value>954.4</Value>
      <Units>GJ</Units>
    </Attribute>
    <Attribute>
      <UUID>{8145ab70-9c52-4fb7-9506-438727e8e98e}</UUID>
      <VersionUUID>{cce7419b-c793-44bc-ac54-b35a350204c0}</VersionUUID>
      <Name>District Heating Total End Uses</Name>
      <Source>OpenStudioPostProcess</Source>
      <ValueType>Double</ValueType>
      <Value>113.59</Value>
      <Units>GJ</Units>
    </Attribute>
    <Attribute>
      <UUID>{91a953d3-8665-49ae-959e-a0958dabd1db}</UUID>
      <VersionUUID>{a5fb9242-a7c2-4eb8-afc9-360c40621ac5}</VersionUUID>
      <Name>Other Fuel Total End Uses</Name>
      <Source>OpenStudioPostProcess</Source>
      <ValueType>Double</ValueType>
      <Value>0</Value>
      <Units>GJ</Units>
    </Attribute>
    <Attribute>
      <UUID>{268e97ee-6a71-41cf-acfb-71e4549a4f02}</UUID>
      <VersionUUID>{c60f554d-3369-4f2f-9748-da64121057cd}</VersionUUID>
      <Name>EndUses.Electricity.InteriorLights.General</Name>
      <Source>OpenStudioPostProcess</Source>
      <ValueType>Double</ValueType>
      <Value>452.17</Value>
      <Units>GJ</Units>
    </Attribute>
    <Attribute>
      <UUID>{ab4109b2-16c8-47e0-98ae-d15d48642db8}</UUID>
      <VersionUUID>{5e50f6ef-08bd-4b50-869a-038a1e17f3fd}</VersionUUID>
      <Name>EndUses.Electricity.InteriorEquipment.General</Name>
      <Source>OpenStudioPostProcess</Source>
      <ValueType>Double</ValueType>
      <Value>882.11</Value>
      <Units>GJ</Units>
    </Attribute>
    <Attribute>
      <UUID>{31f76554-98ce-4533-93dc-4021351b97ff}</UUID>
      <VersionUUID>{ee1687f4-a407-4c15-ac80-3f4e984f5845}</VersionUUID>
      <Name>EndUses.DistrictCooling.Cooling.General</Name>
      <Source>OpenStudioPostProcess</Source>
      <ValueType>Double</ValueType>
      <Value>954.4</Value>
      <Units>GJ</Units>
    </Attribute>
    <Attribute>
      <UUID>{0f30e1db-c547-41bf-b005-2bf5ba5fa93c}</UUID>
      <VersionUUID>{d92beeb9-ce56-4c0b-bdcd-be145d15ae27}</VersionUUID>
      <Name>EndUses.DistrictHeating.Heating.General</Name>
      <Source>OpenStudioPostProcess</Source>
      <ValueType>Double</ValueType>
      <Value>113.59</Value>
      <Units>GJ</Units>
    </Attribute>
    <Attribute>
      <UUID>{d2f33f00-8838-4f92-a675-bd1c4b8f9b04}</UUID>
      <VersionUUID>{54e350e1-647d-404b-b21f-333e3f83b437}</VersionUUID>
      <Name>First Year Capital Costs</Name>
      <Source>OpenStudioPostProcess</Source>
      <ValueType>Double</ValueType>
      <Value>0</Value>
      <Units>$</Units>
    </Attribute>
    <Attribute>
      <UUID>{cd2393a2-e1ce-4d19-9412-80626cb9c5ea}</UUID>
      <VersionUUID>{183782f8-778b-465a-a06b-bdc4d231d736}</VersionUUID>
      <Name>Total Life Cycle Cost</Name>
      <Source>OpenStudioPostProcess</Source>
      <ValueType>Double</ValueType>
      <Value>0</Value>
      <Units>$</Units>
    </Attribute>
    <Attribute>
      <UUID>{f69317f2-f025-45ca-9169-a1f125fa75c0}</UUID>
      <VersionUUID>{6a9e7d9c-31ab-4306-b1ab-331f75036377}</VersionUUID>
      <Name>floorArea</Name>
      <DisplayName>Floor Area</DisplayName>
      <Source>OpenStudioPostProcess</Source>
      <ValueType>Double</ValueType>
      <Value>3600</Value>
      <Units>m^2</Units>
    </Attribute>
    <Attribute>
      <UUID>{c129d84c-9751-4d38-b6ba-ff8e52f276d8}</UUID>
      <VersionUUID>{8050923b-7fdb-4a33-918d-2cac6968c25e}</VersionUUID>
      <Name>conditionedFloorArea</Name>
      <DisplayName>Conditioned Floor Area</DisplayName>
      <Source>OpenStudioPostProcess</Source>
      <ValueType>Double</ValueType>
      <Value>3600</Value>
      <Units>m^2</Units>
    </Attribute>
    <Attribute>
      <UUID>{c08657c3-30da-4eae-b448-9b999a7de31c}</UUID>
      <VersionUUID>{7744c535-f1be-4545-b86f-41c2839a2aa4}</VersionUUID>
      <Name>EndUses</Name>
      <Source>OpenStudioPostProcess</Source>
      <ValueType>AttributeVector</ValueType>
      <Value>
        <Attribute>
          <UUID>{71140810-bb92-45db-b305-612a3ba9edd1}</UUID>
          <VersionUUID>{a3e2563c-c6ae-4ce5-a1a0-14df0ddc51f2}</VersionUUID>
          <Name>Electricity</Name>
          <ValueType>AttributeVector</ValueType>
          <Value>
            <Attribute>
              <UUID>{eaa41149-9271-45ab-9dbd-315f3d70d5c4}</UUID>
              <VersionUUID>{23719656-56c8-46fd-9196-4c28d6c6b815}</VersionUUID>
              <Name>InteriorLights</Name>
              <ValueType>AttributeVector</ValueType>
              <Value>
                <Attribute>
                  <UUID>{6f941e3b-c7f9-41cb-8bc1-79a4f6f2b2bc}</UUID>
                  <VersionUUID>{f7a9a70d-96cf-4bf6-93b8-6949258232e0}</VersionUUID>
                  <Name>General</Name>
                  <ValueType>Double</ValueType>
                  <Value>452.17</Value>
                  <Units>GJ</Units>
                </Attribute>
              </Value>
            </Attribute>
            <Attribute>
              <UUID>{ca6dc888-07c9-42dd-a073-89d57c781486}</UUID>
              <VersionUUID>{94b136bd-e616-4e18-9109-667e2a813ec1}</VersionUUID>
              <Name>InteriorEquipment</Name>
              <ValueType>AttributeVector</ValueType>
              <Value>
                <Attribute>
                  <UUID>{727fc225-236d-470b-ba5d-6125da0528dc}</UUID>
                  <VersionUUID>{fd4d332b-712e-4fef-a68f-c0e9751f3916}</VersionUUID>
                  <Name>General</Name>
                  <ValueType>Double</ValueType>
                  <Value>882.11</Value>
                  <Units>GJ</Units>
                </Attribute>
              </Value>
            </Attribute>
          </Value>
        </Attribute>
        <Attribute>
          <UUID>{999531ed-5104-4b14-89c7-ce7059c0a58a}</UUID>
          <VersionUUID>{7f0d9b58-1823-415d-80fd-d013dab7bd76}</VersionUUID>
          <Name>DistrictCooling</Name>
          <ValueType>AttributeVector</ValueType>
          <Value>
            <Attribute>
              <UUID>{1b8f542a-39c1-4be1-b4bb-da64226a50bb}</UUID>
              <VersionUUID>{b94ef929-4847-4053-a72a-5d8ecdb3fd05}</VersionUUID>
              <Name>Cooling</Name>
              <ValueType>AttributeVector</ValueType>
              <Value>
                <Attribute>
                  <UUID>{b7216c7f-44ed-41a5-92fc-e48a564e3ec0}</UUID>
                  <VersionUUID>{14a6e0cd-3c42-425a-8e4e-4e1261d8a12c}</VersionUUID>
                  <Name>General</Name>
                  <ValueType>Double</ValueType>
                  <Value>954.4</Value>
                  <Units>GJ</Units>
                </Attribute>
              </Value>
            </Attribute>
          </Value>
        </Attribute>
        <Attribute>
          <UUID>{18374363-76c4-432f-9a78-2eb554326dd1}</UUID>
          <VersionUUID>{b242e919-8767-496e-b46f-f40721eeed65}</VersionUUID>
          <Name>DistrictHeating</Name>
          <ValueType>AttributeVector</ValueType>
          <Value>
            <Attribute>
              <UUID>{04950cf2-6216-4815-b42c-386f16e8c85b}</UUID>
              <VersionUUID>{d1bcbe07-3260-4784-afd2-5daad9ac8cad}</VersionUUID>
              <Name>Heating</Name>
              <ValueType>AttributeVector</ValueType>
              <Value>
                <Attribute>
                  <UUID>{1395517a-2704-4228-b6bf-cb5f041559cb}</UUID>
                  <VersionUUID>{e639dfa4-9849-40c3-a34b-d4625872b4ee}</VersionUUID>
                  <Name>General</Name>
                  <ValueType>Double</ValueType>
                  <Value>113.59</Value>
                  <Units>GJ</Units>
                </Attribute>
              </Value>
            </Attribute>
          </Value>
        </Attribute>
      </Value>
    </Attribute>
    <Attribute>
      <UUID>{5378065a-4e38-467b-a596-661a501e7969}</UUID>
      <VersionUUID>{27aece8c-56e1-4b28-bf7c-ddc7344cdedb}</VersionUUID>
      <Name>CalibrationResult</Name>
      <Source>OpenStudioPostProcess</Source>
      <ValueType>AttributeVector</ValueType>
      <Value>
        <Attribute>
          <UUID>{5dc628c2-509e-481e-96f6-3b22cef6b970}</UUID>
          <VersionUUID>{d1863c8a-4b60-4b32-bafa-4911a46d2e7b}</VersionUUID>
          <Name>utilityBills</Name>
          <ValueType>AttributeVector</ValueType>
          <Value/>
        </Attribute>
      </Value>
    </Attribute>
  </Value>
</Attribute>
