<Attribute>
  <UUID>{22c43d4a-b32a-4c9a-a81b-adcf4a78fc14}</UUID>
  <VersionUUID>{a2ab8a4e-43b2-44a5-b68b-db770c518cc0}</VersionUUID>
  <Name>Report</Name>
  <ValueType>AttributeVector</ValueType>
  <Value>
    <Attribute>
      <UUID>{525613b3-9532-4f8a-8def-4fa41b7c04d3}</UUID>
      <VersionUUID>{9e13e298-0515-4e0b-880a-b81fdfd8ae43}</VersionUUID>
      <Name>Total Site Energy</Name>
      <Source>OpenStudioPostProcess</Source>
      <ValueType>Double</ValueType>
      <Value>2690.38</Value>
      <Units>GJ</Units>
    </Attribute>
    <Attribute>
      <UUID>{a34fa368-785f-4927-9f1a-100c2076b298}</UUID>
      <VersionUUID>{c56a3154-4997-4c39-9a44-15398ada1773}</VersionUUID>
      <Name>Net Site Energy</Name>
      <Source>OpenStudioPostProcess</Source>
      <ValueType>Double</ValueType>
      <Value>2690.38</Value>
      <Units>GJ</Units>
    </Attribute>
    <Attribute>
      <UUID>{7ab1eb39-f3a1-4f78-babe-2c12fef938ae}</UUID>
      <VersionUUID>{ddf0f930-8a2f-40dc-821d-f79c31e46bf4}</VersionUUID>
      <Name>Total Source Energy</Name>
      <Source>OpenStudioPostProcess</Source>
      <ValueType>Double</ValueType>
      <Value>7636.29</Value>
      <Units>GJ</Units>
    </Attribute>
    <Attribute>
      <UUID>{e12e66c6-e783-439c-b1f9-a4f700c62d70}</UUID>
      <VersionUUID>{393c3e87-da94-4869-be3c-7ce121dcfaf7}</VersionUUID>
      <Name>Net Source Energy</Name>
      <Source>OpenStudioPostProcess</Source>
      <ValueType>Double</ValueType>
      <Value>7636.29</Value>
      <Units>GJ</Units>
    </Attribute>
    <Attribute>
      <UUID>{dfd7f862-23c6-4dce-b3f4-db565eba0a62}</UUID>
      <VersionUUID>{029c68bf-0199-4a4e-babe-b548e0d8b90d}</VersionUUID>
      <Name>Net Site Energy Use Intensity</Name>
      <Source>OpenStudioPostProcess</Source>
      <ValueType>Double</ValueType>
      <Value>448.4</Value>
      <Units>MJ/m^2</Units>
    </Attribute>
    <Attribute>
      <UUID>{497f069f-218a-46ca-921e-e17942c74fa6}</UUID>
      <VersionUUID>{f0c66dd1-f6c0-4d3f-a82c-60c1507ed478}</VersionUUID>
      <Name>Instantaneous Peak Electricity Demand</Name>
      <Source>OpenStudioPostProcess</Source>
      <ValueType>Double</ValueType>
      <Value>92070.18</Value>
      <Units>kW</Units>
    </Attribute>
    <Attribute>
      <UUID>{397ce0bf-533b-4ae9-a751-0f922b7ffa8f}</UUID>
      <VersionUUID>{608d5dfa-52a9-4a34-9505-911395640630}</VersionUUID>
      <Name>Electricity Total End Uses</Name>
      <Source>OpenStudioPostProcess</Source>
      <ValueType>Double</ValueType>
      <Value>1412.32</Value>
      <Units>GJ</Units>
    </Attribute>
    <Attribute>
      <UUID>{76572b64-0e8f-4454-86d3-25c195289ffc}</UUID>
      <VersionUUID>{19d74977-8b00-4fef-93cc-0d0a71b6b90f}</VersionUUID>
      <Name>Natural Gas Total End Uses</Name>
      <Source>OpenStudioPostProcess</Source>
      <ValueType>Double</ValueType>
      <Value>0</Value>
      <Units>GJ</Units>
    </Attribute>
    <Attribute>
      <UUID>{62da3c8a-16e3-463c-84e1-f211bdab6942}</UUID>
      <VersionUUID>{2891946f-16bd-4f8f-9664-1f76c723bba4}</VersionUUID>
      <Name>District Cooling Total End Uses</Name>
      <Source>OpenStudioPostProcess</Source>
      <ValueType>Double</ValueType>
      <Value>568.71</Value>
      <Units>GJ</Units>
    </Attribute>
    <Attribute>
      <UUID>{9170c5ed-c858-4f58-8e01-6356071fb300}</UUID>
      <VersionUUID>{418e1dcc-f999-41a8-81f7-43207188e9b8}</VersionUUID>
      <Name>District Heating Total End Uses</Name>
      <Source>OpenStudioPostProcess</Source>
      <ValueType>Double</ValueType>
      <Value>709.34</Value>
      <Units>GJ</Units>
    </Attribute>
    <Attribute>
      <UUID>{83246450-addd-40ff-8e8f-ff1a6e92db68}</UUID>
      <VersionUUID>{3b6a48e7-41b7-4fdf-9421-6312dcc8de04}</VersionUUID>
      <Name>Other Fuel Total End Uses</Name>
      <Source>OpenStudioPostProcess</Source>
      <ValueType>Double</ValueType>
      <Value>0</Value>
      <Units>GJ</Units>
    </Attribute>
    <Attribute>
      <UUID>{0ab980a5-5594-4b40-933d-8fcffd05523d}</UUID>
      <VersionUUID>{3715322d-faab-4b72-b998-0a2549593e50}</VersionUUID>
      <Name>EndUses.Electricity.InteriorLights.General</Name>
      <Source>OpenStudioPostProcess</Source>
      <ValueType>Double</ValueType>
      <Value>708.62</Value>
      <Units>GJ</Units>
    </Attribute>
    <Attribute>
      <UUID>{38eee48d-9ea4-4a16-a6f1-cb54108ff851}</UUID>
      <VersionUUID>{aa53f926-6cb5-409d-b514-63683666d0c9}</VersionUUID>
      <Name>EndUses.Electricity.InteriorEquipment.General</Name>
      <Source>OpenStudioPostProcess</Source>
      <ValueType>Double</ValueType>
      <Value>703.71</Value>
      <Units>GJ</Units>
    </Attribute>
    <Attribute>
      <UUID>{c7b0eef2-8803-4702-a5bd-213e74a54ff4}</UUID>
      <VersionUUID>{a1523216-cbad-435c-b877-c058c725b663}</VersionUUID>
      <Name>EndUses.DistrictCooling.Cooling.General</Name>
      <Source>OpenStudioPostProcess</Source>
      <ValueType>Double</ValueType>
      <Value>568.71</Value>
      <Units>GJ</Units>
    </Attribute>
    <Attribute>
      <UUID>{55476a52-f9a7-47a8-b4c0-1c083ab52e30}</UUID>
      <VersionUUID>{3bb5b480-2a01-4d1f-8eb2-3ee0479aea71}</VersionUUID>
      <Name>EndUses.DistrictHeating.Heating.General</Name>
      <Source>OpenStudioPostProcess</Source>
      <ValueType>Double</ValueType>
      <Value>709.34</Value>
      <Units>GJ</Units>
    </Attribute>
    <Attribute>
      <UUID>{92d68705-1bc4-4f11-af6e-e91901ac7ebc}</UUID>
      <VersionUUID>{49abd373-d856-41b4-b670-1ca75aa1b3e9}</VersionUUID>
      <Name>First Year Capital Costs</Name>
      <Source>OpenStudioPostProcess</Source>
      <ValueType>Double</ValueType>
      <Value>0</Value>
      <Units>$</Units>
    </Attribute>
    <Attribute>
      <UUID>{7e080cb0-e64c-4037-84f0-b99d4f1f1206}</UUID>
      <VersionUUID>{85ce6412-c867-43b0-996c-f7d89e1048b0}</VersionUUID>
      <Name>Total Life Cycle Cost</Name>
      <Source>OpenStudioPostProcess</Source>
      <ValueType>Double</ValueType>
      <Value>0</Value>
      <Units>$</Units>
    </Attribute>
    <Attribute>
      <UUID>{d50a93f2-3d0d-46b1-b704-e83bcb7d66f6}</UUID>
      <VersionUUID>{744a7bb0-f25a-41a8-9e92-56c36e65efe8}</VersionUUID>
      <Name>floorArea</Name>
      <DisplayName>Floor Area</DisplayName>
      <Source>OpenStudioPostProcess</Source>
      <ValueType>Double</ValueType>
      <Value>6000</Value>
      <Units>m^2</Units>
    </Attribute>
    <Attribute>
      <UUID>{440f5801-5a83-4afb-928d-b5d4a7bb3797}</UUID>
      <VersionUUID>{aaa22f23-aee5-482d-9397-68e18545f7af}</VersionUUID>
      <Name>conditionedFloorArea</Name>
      <DisplayName>Conditioned Floor Area</DisplayName>
      <Source>OpenStudioPostProcess</Source>
      <ValueType>Double</ValueType>
      <Value>6000</Value>
      <Units>m^2</Units>
    </Attribute>
    <Attribute>
      <UUID>{ee62716f-05ee-44eb-bbb2-d1b9886475ff}</UUID>
      <VersionUUID>{4d81dd25-da83-475b-a71c-ffbbd992409c}</VersionUUID>
      <Name>EndUses</Name>
      <Source>OpenStudioPostProcess</Source>
      <ValueType>AttributeVector</ValueType>
      <Value>
        <Attribute>
          <UUID>{c1031903-5934-4be2-bba4-7faf03be23da}</UUID>
          <VersionUUID>{62c980a4-b4d8-4908-8c6f-0bde6e9681c8}</VersionUUID>
          <Name>Electricity</Name>
          <ValueType>AttributeVector</ValueType>
          <Value>
            <Attribute>
              <UUID>{c278b257-2255-4cb2-9ed4-fc6cd4754615}</UUID>
              <VersionUUID>{638037b6-3374-4a30-8b08-4e4b72031308}</VersionUUID>
              <Name>InteriorLights</Name>
              <ValueType>AttributeVector</ValueType>
              <Value>
                <Attribute>
                  <UUID>{d3551c97-410a-4c1c-9a9a-ab4e4bfd6cd9}</UUID>
                  <VersionUUID>{03ff0e20-49b1-43a4-a4bb-8bf38386495a}</VersionUUID>
                  <Name>General</Name>
                  <ValueType>Double</ValueType>
                  <Value>708.62</Value>
                  <Units>GJ</Units>
                </Attribute>
              </Value>
            </Attribute>
            <Attribute>
              <UUID>{ff442800-d332-4644-a7fe-1f675493de4a}</UUID>
              <VersionUUID>{1e03e239-d317-4a1f-b8a9-73eed9e4ba76}</VersionUUID>
              <Name>InteriorEquipment</Name>
              <ValueType>AttributeVector</ValueType>
              <Value>
                <Attribute>
                  <UUID>{fcaa758b-4b8d-4663-9b9f-d5ae9d10c1aa}</UUID>
                  <VersionUUID>{c232e7b2-da90-4765-a73a-79669c6b04c6}</VersionUUID>
                  <Name>General</Name>
                  <ValueType>Double</ValueType>
                  <Value>703.71</Value>
                  <Units>GJ</Units>
                </Attribute>
              </Value>
            </Attribute>
          </Value>
        </Attribute>
        <Attribute>
          <UUID>{690de4fe-6d6d-474c-8fd9-acb265078a05}</UUID>
          <VersionUUID>{a59467b3-1446-4881-9efa-e89168f1e124}</VersionUUID>
          <Name>DistrictCooling</Name>
          <ValueType>AttributeVector</ValueType>
          <Value>
            <Attribute>
              <UUID>{23e0990e-bada-438e-ac69-6a46be48ec00}</UUID>
              <VersionUUID>{150e19c9-d3b1-4cf7-9015-1d0f556a3c6e}</VersionUUID>
              <Name>Cooling</Name>
              <ValueType>AttributeVector</ValueType>
              <Value>
                <Attribute>
                  <UUID>{43971ca0-e4f1-4a8d-9e94-2712a84f99d2}</UUID>
                  <VersionUUID>{7e57ab53-a737-431a-b404-25947f85e718}</VersionUUID>
                  <Name>General</Name>
                  <ValueType>Double</ValueType>
                  <Value>568.71</Value>
                  <Units>GJ</Units>
                </Attribute>
              </Value>
            </Attribute>
          </Value>
        </Attribute>
        <Attribute>
          <UUID>{923917da-d663-4098-b221-332eae813109}</UUID>
          <VersionUUID>{ce73d741-6730-4bb6-95ef-c57f5381312e}</VersionUUID>
          <Name>DistrictHeating</Name>
          <ValueType>AttributeVector</ValueType>
          <Value>
            <Attribute>
              <UUID>{e7e0b793-c2ce-42bc-92aa-d02253c5353d}</UUID>
              <VersionUUID>{d01e7fbe-60e4-4c9b-83e8-07b5b95094a9}</VersionUUID>
              <Name>Heating</Name>
              <ValueType>AttributeVector</ValueType>
              <Value>
                <Attribute>
                  <UUID>{7f7efa99-4f86-45f1-a66d-a3b685d9cd13}</UUID>
                  <VersionUUID>{be4e6e5b-22d9-47d4-a85d-ab5d1fa00284}</VersionUUID>
                  <Name>General</Name>
                  <ValueType>Double</ValueType>
                  <Value>709.34</Value>
                  <Units>GJ</Units>
                </Attribute>
              </Value>
            </Attribute>
          </Value>
        </Attribute>
      </Value>
    </Attribute>
    <Attribute>
      <UUID>{0a37a241-4d08-4869-8264-035f9df6e45b}</UUID>
      <VersionUUID>{e097b6eb-397f-47e0-94d7-13529f5fc6ac}</VersionUUID>
      <Name>CalibrationResult</Name>
      <Source>OpenStudioPostProcess</Source>
      <ValueType>AttributeVector</ValueType>
      <Value>
        <Attribute>
          <UUID>{9b7e0387-333c-46bb-9b30-c115527e8ac3}</UUID>
          <VersionUUID>{9e2adad3-14c5-476e-a928-3db01236e4d9}</VersionUUID>
          <Name>utilityBills</Name>
          <ValueType>AttributeVector</ValueType>
          <Value/>
        </Attribute>
      </Value>
    </Attribute>
  </Value>
</Attribute>
