Time,THERMAL ZONE 1:MILAN ANN HTG 99.6% CONDNS DB:Des Heat Load [W],THERMAL ZONE 1:MILAN ANN CLG .4% CONDNS DB=>MWB:Des Sens Cool Load [W],THERMAL ZONE 1:MILAN ANN HTG 99.6% CONDNS DB:Des Heat Mass Flow [kg/s],THERMAL ZONE 1:MILAN ANN CLG .4% CONDNS DB=>MWB:Des Cool Mass Flow [kg/s],THERMAL ZONE 2:MILAN ANN HTG 99.6% CONDNS DB:Des Heat Load [W],THERMAL ZONE 2:MILAN ANN CLG .4% CONDNS DB=>MWB:Des Sens Cool Load [W],THERMAL ZONE 2:MILAN ANN HTG 99.6% CONDNS DB:Des Heat Mass Flow [kg/s],THERMAL ZONE 2:MILAN ANN CLG .4% CONDNS DB=>MWB:Des Cool Mass Flow [kg/s],THERMAL ZONE 3:MILAN ANN HTG 99.6% CONDNS DB:Des Heat Load [W],THERMAL ZONE 3:MILAN ANN CLG .4% CONDNS DB=>MWB:Des Sens Cool Load [W],THERMAL ZONE 3:MILAN ANN HTG 99.6% CONDNS DB:Des Heat Mass Flow [kg/s],THERMAL ZONE 3:MILAN ANN CLG .4% CONDNS DB=>MWB:Des Cool Mass Flow [kg/s],THERMAL ZONE 4:MILAN ANN HTG 99.6% CONDNS DB:Des Heat Load [W],THERMAL ZONE 4:MILAN ANN CLG .4% CONDNS DB=>MWB:Des Sens Cool Load [W],THERMAL ZONE 4:MILAN ANN HTG 99.6% CONDNS DB:Des Heat Mass Flow [kg/s],THERMAL ZONE 4:MILAN ANN CLG .4% CONDNS DB=>MWB:Des Cool Mass Flow [kg/s],THERMAL ZONE 5:MILAN ANN HTG 99.6% CONDNS DB:Des Heat Load [W],THERMAL ZONE 5:MILAN ANN CLG .4% CONDNS DB=>MWB:Des Sens Cool Load [W],THERMAL ZONE 5:MILAN ANN HTG 99.6% CONDNS DB:Des Heat Mass Flow [kg/s],THERMAL ZONE 5:MILAN ANN CLG .4% CONDNS DB=>MWB:Des Cool Mass Flow [kg/s],THERMAL ZONE 6:MILAN ANN HTG 99.6% CONDNS DB:Des Heat Load [W],THERMAL ZONE 6:MILAN ANN CLG .4% CONDNS DB=>MWB:Des Sens Cool Load [W],THERMAL ZONE 6:MILAN ANN HTG 99.6% CONDNS DB:Des Heat Mass Flow [kg/s],THERMAL ZONE 6:MILAN ANN CLG .4% CONDNS DB=>MWB:Des Cool Mass Flow [kg/s],THERMAL ZONE 7:MILAN ANN HTG 99.6% CONDNS DB:Des Heat Load [W],THERMAL ZONE 7:MILAN ANN CLG .4% CONDNS DB=>MWB:Des Sens Cool Load [W],THERMAL ZONE 7:MILAN ANN HTG 99.6% CONDNS DB:Des Heat Mass Flow [kg/s],THERMAL ZONE 7:MILAN ANN CLG .4% CONDNS DB=>MWB:Des Cool Mass Flow [kg/s],THERMAL ZONE 8:MILAN ANN HTG 99.6% CONDNS DB:Des Heat Load [W],THERMAL ZONE 8:MILAN ANN CLG .4% CONDNS DB=>MWB:Des Sens Cool Load [W],THERMAL ZONE 8:MILAN ANN HTG 99.6% CONDNS DB:Des Heat Mass Flow [kg/s],THERMAL ZONE 8:MILAN ANN CLG .4% CONDNS DB=>MWB:Des Cool Mass Flow [kg/s]
00:10:00,2.595923E+04,6.140438E+02,1.339718E+00,4.738167E-02,2.737471E+04,1.113850E+04,1.412769E+00,8.594272E-01,2.807773E+04,1.254938E+04,1.449051E+00,9.682927E-01,4.350469E+04,1.265964E+04,2.244803E+00,9.768941E-01,1.192715E+04,0.000000E+00,6.152945E-01,0.000000E+00,1.144271E+04,0.000000E+00,5.903032E-01,0.000000E+00,1.167183E+04,0.000000E+00,6.021226E-01,0.000000E+00,1.569670E+04,1.904082E+02,8.096557E-01,1.469002E-02
00:20:00,2.595923E+04,5.775023E+02,1.339718E+00,4.455377E-02,2.737472E+04,1.108791E+04,1.412770E+00,8.555190E-01,2.807775E+04,1.250276E+04,1.449053E+00,9.646901E-01,4.350474E+04,1.255415E+04,2.244805E+00,9.687527E-01,1.192715E+04,0.000000E+00,6.152946E-01,0.000000E+00,1.144271E+04,0.000000E+00,5.903033E-01,0.000000E+00,1.167183E+04,0.000000E+00,6.021229E-01,0.000000E+00,1.569672E+04,1.681605E+02,8.096565E-01,1.297364E-02
00:30:00,2.595923E+04,5.698118E+02,1.339719E+00,4.396041E-02,2.737473E+04,1.103562E+04,1.412770E+00,8.514798E-01,2.807777E+04,1.245380E+04,1.449054E+00,9.609067E-01,4.350479E+04,1.244626E+04,2.244808E+00,9.604262E-01,1.192715E+04,0.000000E+00,6.152946E-01,0.000000E+00,1.144271E+04,0.000000E+00,5.903033E-01,0.000000E+00,1.167184E+04,0.000000E+00,6.021231E-01,0.000000E+00,1.569673E+04,1.429564E+02,8.096571E-01,1.102911E-02
00:40:00,2.595923E+04,5.358864E+02,1.339719E+00,4.134311E-02,2.737474E+04,1.098239E+04,1.412771E+00,8.473685E-01,2.807779E+04,1.240326E+04,1.449055E+00,9.570026E-01,4.350483E+04,1.233703E+04,2.244810E+00,9.519958E-01,1.192716E+04,0.000000E+00,6.152947E-01,0.000000E+00,1.144271E+04,0.000000E+00,5.903034E-01,0.000000E+00,1.167184E+04,0.000000E+00,6.021233E-01,0.000000E+00,1.569674E+04,1.153520E+02,8.096578E-01,8.899402E-03
00:50:00,2.595923E+04,4.914469E+02,1.339719E+00,3.791462E-02,2.737474E+04,1.092876E+04,1.412771E+00,8.432272E-01,2.807781E+04,1.235178E+04,1.449056E+00,9.530258E-01,4.350487E+04,1.222746E+04,2.244812E+00,9.435393E-01,1.192716E+04,0.000000E+00,6.152948E-01,0.000000E+00,1.144271E+04,0.000000E+00,5.903034E-01,0.000000E+00,1.167184E+04,0.000000E+00,6.021235E-01,0.000000E+00,1.569675E+04,8.594395E+01,8.096584E-01,6.630553E-03
01:00:00,2.595923E+04,4.423011E+02,1.339718E+00,3.412304E-02,2.737475E+04,1.087512E+04,1.412772E+00,8.390849E-01,2.807783E+04,1.229981E+04,1.449056E+00,9.490120E-01,4.350491E+04,1.211836E+04,2.244814E+00,9.351184E-01,1.192716E+04,0.000000E+00,6.152948E-01,0.000000E+00,1.144271E+04,0.000000E+00,5.903034E-01,0.000000E+00,1.167185E+04,0.000000E+00,6.021237E-01,0.000000E+00,1.569676E+04,5.938475E+01,8.096590E-01,4.581504E-03
01:10:00,2.595924E+04,3.874672E+02,1.339719E+00,2.989263E-02,2.737479E+04,1.081850E+04,1.412774E+00,8.347127E-01,2.807788E+04,1.224428E+04,1.449059E+00,9.447231E-01,4.350499E+04,1.200746E+04,2.244818E+00,9.265586E-01,1.192716E+04,0.000000E+00,6.152949E-01,0.000000E+00,1.144272E+04,0.000000E+00,5.903037E-01,0.000000E+00,1.167186E+04,0.000000E+00,6.021242E-01,0.000000E+00,1.569678E+04,3.796456E+01,8.096598E-01,2.928938E-03
01:20:00,2.595925E+04,3.321887E+02,1.339720E+00,2.562793E-02,2.737482E+04,1.076356E+04,1.412775E+00,8.304703E-01,2.807792E+04,1.219003E+04,1.449061E+00,9.405338E-01,4.350506E+04,1.190010E+04,2.244822E+00,9.182712E-01,1.192716E+04,0.000000E+00,6.152951E-01,0.000000E+00,1.144272E+04,0.000000E+00,5.903040E-01,0.000000E+00,1.167186E+04,0.000000E+00,6.021246E-01,0.000000E+00,1.569680E+04,2.090453E+01,8.096607E-01,1.612764E-03
01:30:00,2.595926E+04,2.768766E+02,1.339720E+00,2.136064E-02,2.737486E+04,1.071022E+04,1.412777E+00,8.263520E-01,2.807797E+04,1.213706E+04,1.449064E+00,9.364433E-01,4.350514E+04,1.179664E+04,2.244826E+00,9.102863E-01,1.192717E+04,0.000000E+00,6.152952E-01,0.000000E+00,1.144273E+04,0.000000E+00,5.903043E-01,0.000000E+00,1.167187E+04,0.000000E+00,6.021250E-01,0.000000E+00,1.569681E+04,8.641750E+00,8.096615E-01,6.667000E-04
01:40:00,2.595928E+04,2.220847E+02,1.339721E+00,1.713350E-02,2.737489E+04,1.065861E+04,1.412779E+00,8.223669E-01,2.807802E+04,1.208552E+04,1.449066E+00,9.324638E-01,4.350521E+04,1.169769E+04,2.244829E+00,9.026489E-01,1.192717E+04,0.000000E+00,6.152953E-01,0.000000E+00,1.144273E+04,0.000000E+00,5.903045E-01,0.000000E+00,1.167188E+04,0.000000E+00,6.021254E-01,0.000000E+00,1.569683E+04,1.557428E+00,8.096623E-01,1.201530E-04
01:50:00,2.595929E+04,1.682581E+02,1.339721E+00,1.298084E-02,2.737492E+04,1.060883E+04,1.412780E+00,8.185241E-01,2.807806E+04,1.203557E+04,1.449068E+00,9.286067E-01,4.350528E+04,1.160428E+04,2.244833E+00,8.954399E-01,1.192717E+04,0.000000E+00,6.152954E-01,0.000000E+00,1.144274E+04,0.000000E+00,5.903048E-01,0.000000E+00,1.167189E+04,0.000000E+00,6.021257E-01,0.000000E+00,1.569684E+04,0.000000E+00,8.096630E-01,0.000000E+00
02:00:00,2.595930E+04,1.189333E+02,1.339722E+00,9.175502E-03,2.737495E+04,1.056101E+04,1.412782E+00,8.148327E-01,2.807810E+04,1.198733E+04,1.449071E+00,9.248830E-01,4.350534E+04,1.151287E+04,2.244836E+00,8.883857E-01,1.192717E+04,0.000000E+00,6.152955E-01,0.000000E+00,1.144274E+04,0.000000E+00,5.903050E-01,0.000000E+00,1.167189E+04,0.000000E+00,6.021261E-01,0.000000E+00,1.569686E+04,0.000000E+00,8.096638E-01,0.000000E+00
02:10:00,2.595931E+04,7.791504E+01,1.339722E+00,6.011007E-03,2.737499E+04,1.051397E+04,1.412784E+00,8.112020E-01,2.807815E+04,1.193967E+04,1.449073E+00,9.212047E-01,4.350541E+04,1.142119E+04,2.244840E+00,8.813101E-01,1.192717E+04,0.000000E+00,6.152956E-01,0.000000E+00,1.144275E+04,0.000000E+00,5.903053E-01,0.000000E+00,1.167190E+04,0.000000E+00,6.021265E-01,0.000000E+00,1.569687E+04,0.000000E+00,8.096645E-01,0.000000E+00
02:20:00,2.595932E+04,4.528935E+01,1.339723E+00,3.493990E-03,2.737502E+04,1.046770E+04,1.412785E+00,8.076308E-01,2.807819E+04,1.189263E+04,1.449075E+00,9.175738E-01,4.350547E+04,1.132851E+04,2.244843E+00,8.741570E-01,1.192718E+04,0.000000E+00,6.152957E-01,0.000000E+00,1.144275E+04,0.000000E+00,5.903055E-01,0.000000E+00,1.167191E+04,0.000000E+00,6.021268E-01,0.000000E+00,1.569688E+04,0.000000E+00,8.096652E-01,0.000000E+00
02:30:00,2.595932E+04,2.127204E+01,1.339723E+00,1.641097E-03,2.737505E+04,1.042223E+04,1.412787E+00,8.041219E-01,2.807823E+04,1.184618E+04,1.449077E+00,9.139890E-01,4.350553E+04,1.123437E+04,2.244846E+00,8.668909E-01,1.192718E+04,0.000000E+00,6.152958E-01,0.000000E+00,1.144276E+04,0.000000E+00,5.903058E-01,0.000000E+00,1.167191E+04,0.000000E+00,6.021272E-01,0.000000E+00,1.569690E+04,0.000000E+00,8.096658E-01,0.000000E+00
02:40:00,2.595933E+04,6.101852E+00,1.339724E+00,4.707455E-04,2.737507E+04,1.037762E+04,1.412788E+00,8.006790E-01,2.807827E+04,1.180037E+04,1.449079E+00,9.104539E-01,4.350559E+04,1.113818E+04,2.244849E+00,8.594671E-01,1.192718E+04,0.000000E+00,6.152959E-01,0.000000E+00,1.144276E+04,0.000000E+00,5.903060E-01,0.000000E+00,1.167192E+04,0.000000E+00,6.021275E-01,0.000000E+00,1.569691E+04,0.000000E+00,8.096665E-01,0.000000E+00
02:50:00,2.595934E+04,0.000000E+00,1.339724E+00,0.000000E+00,2.737510E+04,1.033391E+04,1.412790E+00,7.973063E-01,2.807831E+04,1.175525E+04,1.449081E+00,9.069714E-01,4.350565E+04,1.103889E+04,2.244852E+00,8.518035E-01,1.192718E+04,0.000000E+00,6.152960E-01,0.000000E+00,1.144277E+04,0.000000E+00,5.903062E-01,0.000000E+00,1.167193E+04,0.000000E+00,6.021279E-01,0.000000E+00,1.569692E+04,0.000000E+00,8.096671E-01,0.000000E+00
03:00:00,2.595935E+04,0.000000E+00,1.339725E+00,0.000000E+00,2.737513E+04,1.029117E+04,1.412791E+00,7.940080E-01,2.807835E+04,1.171084E+04,1.449083E+00,9.035444E-01,4.350571E+04,1.094000E+04,2.244855E+00,8.441702E-01,1.192718E+04,0.000000E+00,6.152961E-01,0.000000E+00,1.144277E+04,0.000000E+00,5.903065E-01,0.000000E+00,1.167193E+04,0.000000E+00,6.021282E-01,0.000000E+00,1.569693E+04,0.000000E+00,8.096677E-01,0.000000E+00
03:10:00,2.595936E+04,0.000000E+00,1.339725E+00,0.000000E+00,2.737516E+04,1.024814E+04,1.412793E+00,7.906875E-01,2.807839E+04,1.166589E+04,1.449085E+00,9.000760E-01,4.350577E+04,1.083932E+04,2.244858E+00,8.364000E-01,1.192718E+04,0.000000E+00,6.152961E-01,0.000000E+00,1.144277E+04,0.000000E+00,5.903067E-01,0.000000E+00,1.167194E+04,0.000000E+00,6.021285E-01,0.000000E+00,1.569695E+04,0.000000E+00,8.096683E-01,0.000000E+00
03:20:00,2.595937E+04,0.000000E+00,1.339726E+00,0.000000E+00,2.737519E+04,1.020476E+04,1.412794E+00,7.873402E-01,2.807842E+04,1.162031E+04,1.449087E+00,8.965589E-01,4.350582E+04,1.073737E+04,2.244861E+00,8.285317E-01,1.192719E+04,0.000000E+00,6.152962E-01,0.000000E+00,1.144278E+04,0.000000E+00,5.903069E-01,0.000000E+00,1.167195E+04,0.000000E+00,6.021289E-01,0.000000E+00,1.569696E+04,0.000000E+00,8.096689E-01,0.000000E+00
03:30:00,2.595937E+04,0.000000E+00,1.339726E+00,0.000000E+00,2.737521E+04,1.016104E+04,1.412795E+00,7.839666E-01,2.807846E+04,1.157414E+04,1.449089E+00,8.929965E-01,4.350588E+04,1.063434E+04,2.244864E+00,8.205800E-01,1.192719E+04,0.000000E+00,6.152963E-01,0.000000E+00,1.144278E+04,0.000000E+00,5.903071E-01,0.000000E+00,1.167195E+04,0.000000E+00,6.021292E-01,0.000000E+00,1.569697E+04,0.000000E+00,8.096695E-01,0.000000E+00
03:40:00,2.595938E+04,0.000000E+00,1.339726E+00,0.000000E+00,2.737524E+04,1.011702E+04,1.412797E+00,7.805703E-01,2.807849E+04,1.152739E+04,1.449091E+00,8.893892E-01,4.350593E+04,1.053042E+04,2.244867E+00,8.125598E-01,1.192719E+04,0.000000E+00,6.152964E-01,0.000000E+00,1.144279E+04,0.000000E+00,5.903073E-01,0.000000E+00,1.167196E+04,0.000000E+00,6.021295E-01,0.000000E+00,1.569698E+04,0.000000E+00,8.096700E-01,0.000000E+00
03:50:00,2.595939E+04,0.000000E+00,1.339727E+00,0.000000E+00,2.737526E+04,1.007269E+04,1.412798E+00,7.771495E-01,2.807853E+04,1.148008E+04,1.449093E+00,8.857387E-01,4.350598E+04,1.042577E+04,2.244869E+00,8.044838E-01,1.192719E+04,0.000000E+00,6.152964E-01,0.000000E+00,1.144279E+04,0.000000E+00,5.903075E-01,0.000000E+00,1.167197E+04,0.000000E+00,6.021298E-01,0.000000E+00,1.569699E+04,0.000000E+00,8.096706E-01,0.000000E+00
04:00:00,2.595940E+04,0.000000E+00,1.339727E+00,0.000000E+00,2.737529E+04,1.002795E+04,1.412799E+00,7.736978E-01,2.807856E+04,1.143223E+04,1.449094E+00,8.820466E-01,4.350603E+04,1.032054E+04,2.244872E+00,7.963631E-01,1.192719E+04,0.000000E+00,6.152965E-01,0.000000E+00,1.144279E+04,0.000000E+00,5.903077E-01,0.000000E+00,1.167197E+04,0.000000E+00,6.021301E-01,0.000000E+00,1.569700E+04,0.000000E+00,8.096711E-01,0.000000E+00
04:10:00,2.595940E+04,0.000000E+00,1.339727E+00,0.000000E+00,2.737531E+04,9.984127E+03,1.412800E+00,7.703162E-01,2.807860E+04,1.138518E+04,1.449096E+00,8.784159E-01,4.350608E+04,1.021715E+04,2.244874E+00,7.883835E-01,1.192719E+04,0.000000E+00,6.152966E-01,0.000000E+00,1.144280E+04,0.000000E+00,5.903079E-01,0.000000E+00,1.167198E+04,0.000000E+00,6.021304E-01,0.000000E+00,1.569701E+04,0.000000E+00,8.096716E-01,0.000000E+00
04:20:00,2.595941E+04,0.000000E+00,1.339728E+00,0.000000E+00,2.737533E+04,9.941325E+03,1.412802E+00,7.670137E-01,2.807863E+04,1.133905E+04,1.449098E+00,8.748565E-01,4.350613E+04,1.011566E+04,2.244877E+00,7.805513E-01,1.192719E+04,0.000000E+00,6.152966E-01,0.000000E+00,1.144280E+04,0.000000E+00,5.903081E-01,0.000000E+00,1.167198E+04,0.000000E+00,6.021307E-01,0.000000E+00,1.569702E+04,0.000000E+00,8.096721E-01,0.000000E+00
04:30:00,2.595942E+04,0.000000E+00,1.339728E+00,0.000000E+00,2.737536E+04,9.899584E+03,1.412803E+00,7.637931E-01,2.807866E+04,1.129392E+04,1.449099E+00,8.713744E-01,4.350617E+04,1.001622E+04,2.244879E+00,7.728774E-01,1.192719E+04,0.000000E+00,6.152967E-01,0.000000E+00,1.144280E+04,0.000000E+00,5.903083E-01,0.000000E+00,1.167199E+04,0.000000E+00,6.021310E-01,0.000000E+00,1.569703E+04,0.000000E+00,8.096726E-01,0.000000E+00
04:40:00,2.595942E+04,0.000000E+00,1.339729E+00,0.000000E+00,2.737538E+04,9.858752E+03,1.412804E+00,7.606426E-01,2.807869E+04,1.124984E+04,1.449101E+00,8.679741E-01,4.350622E+04,9.918924E+03,2.244881E+00,7.653693E-01,1.192720E+04,0.000000E+00,6.152967E-01,0.000000E+00,1.144281E+04,0.000000E+00,5.903085E-01,0.000000E+00,1.167199E+04,0.000000E+00,6.021312E-01,0.000000E+00,1.569704E+04,0.000000E+00,8.096731E-01,0.000000E+00
04:50:00,2.595943E+04,0.000000E+00,1.339729E+00,0.000000E+00,2.737540E+04,9.818844E+03,1.412805E+00,7.575635E-01,2.807872E+04,1.120688E+04,1.449103E+00,8.646594E-01,4.350626E+04,9.823870E+03,2.244884E+00,7.580339E-01,1.192720E+04,0.000000E+00,6.152968E-01,0.000000E+00,1.144281E+04,0.000000E+00,5.903086E-01,0.000000E+00,1.167200E+04,0.000000E+00,6.021315E-01,0.000000E+00,1.569705E+04,0.000000E+00,8.096735E-01,0.000000E+00
05:00:00,2.595944E+04,0.000000E+00,1.339729E+00,0.000000E+00,2.737542E+04,9.779928E+03,1.412806E+00,7.545608E-01,2.807875E+04,1.116508E+04,1.449104E+00,8.614342E-01,4.350630E+04,9.731123E+03,2.244886E+00,7.508766E-01,1.192720E+04,0.000000E+00,6.152969E-01,0.000000E+00,1.144282E+04,0.000000E+00,5.903088E-01,0.000000E+00,1.167200E+04,0.000000E+00,6.021318E-01,0.000000E+00,1.569706E+04,0.000000E+00,8.096740E-01,0.000000E+00
05:10:00,2.595944E+04,0.000000E+00,1.339730E+00,0.000000E+00,2.737544E+04,9.755273E+03,1.412807E+00,7.526585E-01,2.807878E+04,1.113692E+04,1.449106E+00,8.592614E-01,4.350635E+04,9.654418E+03,2.244888E+00,7.449571E-01,1.192720E+04,0.000000E+00,6.152969E-01,0.000000E+00,1.144282E+04,0.000000E+00,5.903090E-01,0.000000E+00,1.167201E+04,0.000000E+00,6.021321E-01,0.000000E+00,1.569706E+04,0.000000E+00,8.096744E-01,0.000000E+00
05:20:00,2.595945E+04,0.000000E+00,1.339730E+00,0.000000E+00,2.737547E+04,9.754527E+03,1.412808E+00,7.526009E-01,2.807881E+04,1.113119E+04,1.449107E+00,8.588190E-01,4.350639E+04,9.601613E+03,2.244890E+00,7.408821E-01,1.192720E+04,0.000000E+00,6.152970E-01,0.000000E+00,1.144282E+04,0.000000E+00,5.903091E-01,0.000000E+00,1.167201E+04,0.000000E+00,6.021323E-01,0.000000E+00,1.569707E+04,0.000000E+00,8.096749E-01,0.000000E+00
05:30:00,2.595946E+04,0.000000E+00,1.339730E+00,0.000000E+00,2.737549E+04,9.788038E+03,1.412810E+00,7.551866E-01,2.807884E+04,1.115725E+04,1.449109E+00,8.608301E-01,4.350643E+04,9.581755E+03,2.244892E+00,7.393496E-01,1.192720E+04,0.000000E+00,6.152970E-01,0.000000E+00,1.144283E+04,0.000000E+00,5.903093E-01,0.000000E+00,1.167202E+04,0.000000E+00,6.021326E-01,0.000000E+00,1.569708E+04,0.000000E+00,8.096753E-01,0.000000E+00
05:40:00,2.595946E+04,0.000000E+00,1.339730E+00,0.000000E+00,2.737551E+04,9.855149E+03,1.412811E+00,7.603648E-01,2.807887E+04,1.121429E+04,1.449110E+00,8.652308E-01,4.350647E+04,9.595988E+03,2.244894E+00,7.404483E-01,1.192720E+04,0.000000E+00,6.152971E-01,0.000000E+00,1.144283E+04,0.000000E+00,5.903095E-01,0.000000E+00,1.167202E+04,0.000000E+00,6.021328E-01,0.000000E+00,1.569709E+04,0.000000E+00,8.096757E-01,0.000000E+00
05:50:00,2.595947E+04,0.000000E+00,1.339731E+00,0.000000E+00,2.737553E+04,9.954830E+03,1.412812E+00,7.680562E-01,2.807890E+04,1.130130E+04,1.449112E+00,8.719451E-01,4.350651E+04,9.644765E+03,2.244896E+00,7.442128E-01,1.192720E+04,0.000000E+00,6.152971E-01,0.000000E+00,1.144283E+04,0.000000E+00,5.903096E-01,0.000000E+00,1.167203E+04,0.000000E+00,6.021331E-01,0.000000E+00,1.569710E+04,0.000000E+00,8.096761E-01,0.000000E+00
06:00:00,2.595947E+04,0.000000E+00,1.339731E+00,0.000000E+00,2.737554E+04,1.009329E+04,1.412813E+00,7.787396E-01,2.807892E+04,1.142384E+04,1.449113E+00,8.814005E-01,4.350654E+04,9.733158E+03,2.244898E+00,7.510348E-01,1.192720E+04,0.000000E+00,6.152972E-01,0.000000E+00,1.144283E+04,0.000000E+00,5.903098E-01,0.000000E+00,1.167203E+04,0.000000E+00,6.021333E-01,0.000000E+00,1.569710E+04,0.000000E+00,8.096765E-01,0.000000E+00
06:10:00,2.536911E+04,5.466073E+03,1.309263E+00,4.355279E-01,2.678468E+04,1.501690E+04,1.382319E+00,1.190300E+00,2.748756E+04,1.616771E+04,1.418593E+00,1.280057E+00,4.169349E+04,1.467860E+04,2.151346E+00,1.163926E+00,1.183060E+04,0.000000E+00,6.103135E-01,0.000000E+00,1.134615E+04,1.029278E+03,5.853219E-01,8.692144E-02,1.157526E+04,1.258425E+03,5.971412E-01,1.026551E-01,1.529085E+04,1.072536E+03,7.887213E-01,8.866235E-02
06:20:00,2.477803E+04,6.977134E+03,1.278761E+00,5.878010E-01,2.619315E+04,1.623667E+04,1.351793E+00,1.347811E+00,2.689554E+04,1.747806E+04,1.388043E+00,1.451386E+00,3.987722E+04,1.630491E+04,2.057645E+00,1.360737E+00,1.173373E+04,0.000000E+00,6.053183E-01,0.000000E+00,1.124919E+04,1.378908E+03,5.803219E-01,1.218818E-01,1.147823E+04,1.729187E+03,5.921372E-01,1.498478E-01,1.488360E+04,1.575362E+03,7.677235E-01,1.391106E-01
06:30:00,2.418688E+04,1.008743E+04,1.248257E+00,8.925510E-01,2.560151E+04,1.885049E+04,1.321264E+00,1.638659E+00,2.630339E+04,2.016828E+04,1.357487E+00,1.754386E+00,3.806116E+04,1.933809E+04,1.963963E+00,1.691508E+00,1.163694E+04,0.000000E+00,6.003274E-01,0.000000E+00,1.115231E+04,2.048151E+03,5.753265E-01,1.874591E-01,1.138127E+04,2.575276E+03,5.871377E-01,2.327570E-01,1.447660E+04,2.448202E+03,7.467411E-01,2.246484E-01
06:40:00,2.359529E+04,1.186320E+04,1.217731E+00,1.066649E+00,2.500941E+04,2.031812E+04,1.290713E+00,1.817821E+00,2.571078E+04,2.171748E+04,1.326910E+00,1.946139E+00,3.624377E+04,2.121526E+04,1.870219E+00,1.909485E+00,1.154010E+04,0.000000E+00,5.953344E-01,0.000000E+00,1.105539E+04,2.458890E+03,5.703292E-01,2.277285E-01,1.128427E+04,3.109310E+03,5.821363E-01,2.851182E-01,1.406943E+04,3.012096E+03,7.257508E-01,2.799395E-01
06:50:00,2.300337E+04,1.373369E+04,1.187191E+00,1.249993E+00,2.441697E+04,2.181244E+04,1.260146E+00,2.000130E+00,2.511783E+04,2.329060E+04,1.296317E+00,2.140705E+00,3.442549E+04,2.311340E+04,1.776437E+00,2.129893E+00,1.144325E+04,0.000000E+00,5.903406E-01,0.000000E+00,1.095845E+04,2.887933E+03,5.653312E-01,2.697835E-01,1.118725E+04,3.658526E+03,5.771340E-01,3.389563E-01,1.366217E+04,3.591276E+03,7.047570E-01,3.367164E-01
07:00:00,2.241117E+04,1.561951E+04,1.156637E+00,1.434837E+00,2.382426E+04,2.329136E+04,1.229567E+00,2.181609E+00,2.452459E+04,2.484909E+04,1.265711E+00,2.334443E+00,3.260656E+04,2.499208E+04,1.682626E+00,2.348897E+00,1.134638E+04,0.000000E+00,5.853463E-01,0.000000E+00,1.086151E+04,3.316298E+03,5.603326E-01,3.117715E-01,1.109022E+04,4.203711E+03,5.721313E-01,3.923974E-01,1.325486E+04,4.163686E+03,6.837611E-01,3.928273E-01
07:10:00,2.240913E+04,1.208579E+04,1.156542E+00,1.188712E+00,2.382221E+04,2.002013E+04,1.229472E+00,1.965816E+00,2.452252E+04,2.182002E+04,1.265616E+00,2.142440E+00,3.260023E+04,2.204795E+04,1.682348E+00,2.165202E+00,1.134611E+04,0.000000E+00,5.853354E-01,0.000000E+00,1.086124E+04,2.726078E+03,5.603218E-01,2.678855E-01,1.108996E+04,3.498080E+03,5.721206E-01,3.439278E-01,1.325378E+04,3.669046E+03,6.837191E-01,3.608116E-01
07:20:00,2.240762E+04,1.255517E+04,1.156473E+00,1.230555E+00,2.382065E+04,2.047944E+04,1.229402E+00,2.007064E+00,2.452093E+04,2.225184E+04,1.265544E+00,2.180781E+00,3.259675E+04,2.245234E+04,1.682203E+00,2.200646E+00,1.134610E+04,0.000000E+00,5.853357E-01,0.000000E+00,1.086124E+04,2.826580E+03,5.603229E-01,2.770457E-01,1.108995E+04,3.588517E+03,5.721214E-01,3.517437E-01,1.325367E+04,3.750523E+03,6.837183E-01,3.676373E-01
07:30:00,2.240603E+04,1.147414E+04,1.156399E+00,1.124706E+00,2.381905E+04,1.956269E+04,1.229328E+00,1.917328E+00,2.451931E+04,2.132385E+04,1.265470E+00,2.089942E+00,3.259276E+04,2.147325E+04,1.682026E+00,2.104788E+00,1.134600E+04,0.000000E+00,5.853314E-01,0.000000E+00,1.086116E+04,2.619156E+03,5.603190E-01,2.567347E-01,1.108987E+04,3.312933E+03,5.721175E-01,3.247551E-01,1.325327E+04,3.469432E+03,6.837009E-01,3.401029E-01
07:40:00,2.240476E+04,1.178173E+04,1.156340E+00,1.154811E+00,2.381779E+04,1.981574E+04,1.229270E+00,1.942160E+00,2.451804E+04,2.156295E+04,1.265412E+00,2.113410E+00,3.258987E+04,2.167767E+04,1.681900E+00,2.124810E+00,1.134595E+04,0.000000E+00,5.853290E-01,0.000000E+00,1.086111E+04,2.682724E+03,5.603167E-01,2.629557E-01,1.108982E+04,3.359787E+03,5.721153E-01,3.293322E-01,1.325303E+04,3.505935E+03,6.836901E-01,3.436630E-01
07:50:00,2.240372E+04,1.204555E+04,1.156293E+00,1.180666E+00,2.381676E+04,2.006506E+04,1.229223E+00,1.966640E+00,2.451701E+04,2.180351E+04,1.265365E+00,2.137035E+00,3.258769E+04,2.188803E+04,1.681804E+00,2.145438E+00,1.134591E+04,5.032458E+01,5.853272E-01,4.931103E-03,1.086107E+04,2.740934E+03,5.603151E-01,2.686602E-01,1.108978E+04,3.402491E+03,5.721136E-01,3.335140E-01,1.325285E+04,3.536605E+03,6.836819E-01,3.466639E-01
08:00:00,2.240287E+04,1.234271E+04,1.156253E+00,1.209789E+00,2.381593E+04,2.034540E+04,1.229185E+00,1.994152E+00,2.451618E+04,2.207734E+04,1.265327E+00,2.163911E+00,3.258602E+04,2.213957E+04,1.681728E+00,2.170104E+00,1.134588E+04,1.009006E+02,5.853256E-01,9.886805E-03,1.086105E+04,2.813364E+03,5.603137E-01,2.757594E-01,1.108975E+04,3.461037E+03,5.721122E-01,3.392504E-01,1.325271E+04,3.584424E+03,6.836749E-01,3.513483E-01
08:10:00,2.240217E+04,1.264602E+04,1.156220E+00,1.239519E+00,2.381525E+04,2.063452E+04,1.229154E+00,2.022515E+00,2.451550E+04,2.236148E+04,1.265296E+00,2.191787E+00,3.258471E+04,2.240716E+04,1.681669E+00,2.196342E+00,1.134585E+04,1.799386E+02,5.853243E-01,1.763136E-02,1.086102E+04,2.891175E+03,5.603125E-01,2.833870E-01,1.108973E+04,3.526492E+03,5.721110E-01,3.456659E-01,1.325259E+04,3.640064E+03,6.836686E-01,3.568016E-01
08:20:00,2.240159E+04,1.295369E+04,1.156193E+00,1.269677E+00,2.381469E+04,2.092927E+04,1.229128E+00,2.051423E+00,2.451494E+04,2.265266E+04,1.265270E+00,2.220345E+00,3.258367E+04,2.268698E+04,1.681621E+00,2.223778E+00,1.134583E+04,2.808190E+02,5.853231E-01,2.751657E-02,1.086100E+04,2.974360E+03,5.603114E-01,2.915419E-01,1.108970E+04,3.598579E+03,5.721098E-01,3.527324E-01,1.325248E+04,3.703304E+03,6.836630E-01,3.630009E-01
08:30:00,2.240111E+04,1.326394E+04,1.156171E+00,1.300088E+00,2.381423E+04,2.122840E+04,1.229106E+00,2.080756E+00,2.451448E+04,2.294955E+04,1.265248E+00,2.249457E+00,3.258284E+04,2.297729E+04,1.681583E+00,2.252240E+00,1.134580E+04,4.034536E+02,5.853219E-01,3.953381E-02,1.086098E+04,3.062591E+03,5.603104E-01,3.001918E-01,1.108968E+04,3.676788E+03,5.721087E-01,3.603995E-01,1.325238E+04,3.773675E+03,6.836579E-01,3.698998E-01
08:40:00,2.240071E+04,1.357021E+04,1.156152E+00,1.330110E+00,2.381384E+04,2.152700E+04,1.229088E+00,2.110032E+00,2.451409E+04,2.324665E+04,1.265230E+00,2.278586E+00,3.258217E+04,2.327311E+04,1.681551E+00,2.281242E+00,1.134578E+04,5.475291E+02,5.853209E-01,5.365251E-02,1.086096E+04,3.155312E+03,5.603094E-01,3.092820E-01,1.108966E+04,3.760335E+03,5.721077E-01,3.685903E-01,1.325229E+04,3.850465E+03,6.836534E-01,3.774285E-01
08:50:00,2.240038E+04,1.387418E+04,1.156137E+00,1.359905E+00,2.381352E+04,2.182659E+04,1.229073E+00,2.139404E+00,2.451377E+04,2.354550E+04,1.265215E+00,2.307884E+00,3.258163E+04,2.357514E+04,1.681526E+00,2.310850E+00,1.134577E+04,6.625123E+02,5.853200E-01,6.492118E-02,1.086094E+04,3.252231E+03,5.603085E-01,3.187839E-01,1.108964E+04,3.848739E+03,5.721067E-01,3.772575E-01,1.325221E+04,3.933238E+03,6.836492E-01,3.855439E-01
09:00:00,2.240011E+04,1.417641E+04,1.156124E+00,1.389531E+00,2.381325E+04,2.212807E+04,1.229060E+00,2.168958E+00,2.451350E+04,2.384688E+04,1.265202E+00,2.337428E+00,3.258118E+04,2.388364E+04,1.681504E+00,2.341093E+00,1.134575E+04,7.982729E+02,5.853192E-01,7.822645E-02,1.086093E+04,3.352779E+03,5.603077E-01,3.286418E-01,1.108963E+04,3.941395E+03,5.721058E-01,3.863417E-01,1.325213E+04,4.021437E+03,6.836454E-01,3.941915E-01
09:10:00,2.239988E+04,1.446587E+04,1.156113E+00,1.417904E+00,2.381303E+04,2.242203E+04,1.229050E+00,2.197775E+00,2.451327E+04,2.414155E+04,1.265191E+00,2.366314E+00,3.258081E+04,2.418831E+04,1.681486E+00,2.370959E+00,1.134573E+04,9.244749E+02,5.853184E-01,9.059584E-02,1.086091E+04,3.452767E+03,5.603069E-01,3.384449E-01,1.108961E+04,4.034117E+03,5.721049E-01,3.954324E-01,1.325207E+04,4.110690E+03,6.836419E-01,4.029424E-01
09:20:00,2.239969E+04,1.474219E+04,1.156104E+00,1.444991E+00,2.381283E+04,2.270928E+04,1.229041E+00,2.225932E+00,2.451307E+04,2.442934E+04,1.265182E+00,2.394523E+00,3.258050E+04,2.448970E+04,1.681471E+00,2.400502E+00,1.134572E+04,1.047555E+03,5.853176E-01,1.026596E-01,1.086090E+04,3.552065E+03,5.603062E-01,3.481803E-01,1.108959E+04,4.126642E+03,5.721041E-01,4.045037E-01,1.325200E+04,4.200737E+03,6.836387E-01,4.117711E-01
09:30:00,2.239954E+04,1.500584E+04,1.156097E+00,1.470834E+00,2.381267E+04,2.298854E+04,1.229033E+00,2.253305E+00,2.451290E+04,2.470862E+04,1.265174E+00,2.421898E+00,3.258023E+04,2.478615E+04,1.681458E+00,2.429562E+00,1.134571E+04,1.167393E+03,5.853170E-01,1.144059E-01,1.086088E+04,3.650543E+03,5.603055E-01,3.578352E-01,1.108958E+04,4.218776E+03,5.721033E-01,4.135367E-01,1.325195E+04,4.291383E+03,6.836357E-01,4.206585E-01
09:40:00,2.239940E+04,1.525743E+04,1.156090E+00,1.495495E+00,2.381253E+04,2.325906E+04,1.229026E+00,2.279821E+00,2.451275E+04,2.497881E+04,1.265166E+00,2.448381E+00,3.257999E+04,2.507705E+04,1.681446E+00,2.458076E+00,1.134570E+04,1.284080E+03,5.853163E-01,1.258436E-01,1.086087E+04,3.748085E+03,5.603048E-01,3.673982E-01,1.108956E+04,4.310397E+03,5.721025E-01,4.225191E-01,1.325189E+04,4.382499E+03,6.836330E-01,4.295919E-01
09:50:00,2.239929E+04,1.549793E+04,1.156085E+00,1.519068E+00,2.381241E+04,2.352019E+04,1.229020E+00,2.305416E+00,2.451262E+04,2.523912E+04,1.265160E+00,2.473896E+00,3.257978E+04,2.536156E+04,1.681435E+00,2.485964E+00,1.134568E+04,1.397531E+03,5.853158E-01,1.369643E-01,1.086086E+04,3.844625E+03,5.603042E-01,3.768630E-01,1.108955E+04,4.401470E+03,5.721018E-01,4.314479E-01,1.325184E+04,4.474041E+03,6.836304E-01,4.385670E-01
10:00:00,2.239920E+04,1.572836E+04,1.156080E+00,1.541655E+00,2.381230E+04,2.377133E+04,1.229015E+00,2.330031E+00,2.451250E+04,2.548907E+04,1.265154E+00,2.498395E+00,3.257960E+04,2.563917E+04,1.681426E+00,2.513176E+00,1.134567E+04,1.507943E+03,5.853153E-01,1.477873E-01,1.086085E+04,3.940205E+03,5.603036E-01,3.862335E-01,1.108954E+04,4.491940E+03,5.721011E-01,4.403175E-01,1.325180E+04,4.565951E+03,6.836281E-01,4.475781E-01
10:10:00,2.239912E+04,1.595014E+04,1.156077E+00,1.563392E+00,2.381220E+04,2.401213E+04,1.229010E+00,2.353634E+00,2.451239E+04,2.572834E+04,1.265149E+00,2.521848E+00,3.257943E+04,2.590957E+04,1.681418E+00,2.539681E+00,1.134567E+04,1.615551E+03,5.853148E-01,1.583355E-01,1.086084E+04,4.034656E+03,5.603031E-01,3.954934E-01,1.108952E+04,4.581467E+03,5.721004E-01,4.490946E-01,1.325175E+04,4.657949E+03,6.836259E-01,4.565978E-01
10:20:00,2.239905E+04,1.616301E+04,1.156073E+00,1.584256E+00,2.381212E+04,2.424253E+04,1.229006E+00,2.376217E+00,2.451230E+04,2.595690E+04,1.265144E+00,2.544250E+00,3.257928E+04,2.617268E+04,1.681410E+00,2.565471E+00,1.134566E+04,1.720475E+03,5.853143E-01,1.686208E-01,1.086083E+04,4.127770E+03,5.603026E-01,4.046222E-01,1.108951E+04,4.669871E+03,5.720998E-01,4.577616E-01,1.325172E+04,4.749864E+03,6.836239E-01,4.656094E-01
10:30:00,2.239899E+04,1.636691E+04,1.156070E+00,1.604242E+00,2.381204E+04,2.446255E+04,1.229002E+00,2.397783E+00,2.451221E+04,2.617481E+04,1.265140E+00,2.565608E+00,3.257913E+04,2.642858E+04,1.681403E+00,2.590554E+00,1.134565E+04,1.822843E+03,5.853139E-01,1.786555E-01,1.086082E+04,4.219431E+03,5.603021E-01,4.136086E-01,1.108950E+04,4.757008E+03,5.720992E-01,4.663044E-01,1.325168E+04,4.841583E+03,6.836219E-01,4.746018E-01
10:40:00,2.239894E+04,1.656205E+04,1.156068E+00,1.623369E+00,2.381197E+04,2.467242E+04,1.228999E+00,2.418353E+00,2.451213E+04,2.638230E+04,1.265136E+00,2.585946E+00,3.257900E+04,2.667750E+04,1.681396E+00,2.614953E+00,1.134564E+04,1.922799E+03,5.853135E-01,1.884538E-01,1.086081E+04,4.309524E+03,5.603016E-01,4.224412E-01,1.108949E+04,4.842761E+03,5.720986E-01,4.747114E-01,1.325164E+04,4.932993E+03,6.836202E-01,4.835638E-01
10:50:00,2.239889E+04,1.675427E+04,1.156066E+00,1.642209E+00,2.381191E+04,2.487726E+04,1.228995E+00,2.438430E+00,2.451205E+04,2.658481E+04,1.265132E+00,2.605794E+00,3.257888E+04,2.692413E+04,1.681389E+00,2.639128E+00,1.134563E+04,2.020830E+03,5.853132E-01,1.980633E-01,1.086080E+04,4.398178E+03,5.603012E-01,4.311327E-01,1.108948E+04,4.927252E+03,5.720980E-01,4.829947E-01,1.325161E+04,5.024217E+03,6.836185E-01,4.925076E-01
11:00:00,2.239886E+04,1.695028E+04,1.156064E+00,1.661421E+00,2.381185E+04,2.508294E+04,1.228993E+00,2.458590E+00,2.451198E+04,2.678851E+04,1.265128E+00,2.625760E+00,3.257876E+04,2.717412E+04,1.681383E+00,2.663633E+00,1.134563E+04,2.116765E+03,5.853129E-01,2.074675E-01,1.086079E+04,4.485236E+03,5.603008E-01,4.396678E-01,1.108946E+04,5.010311E+03,5.720974E-01,4.911377E-01,1.325158E+04,5.115101E+03,6.836169E-01,5.014180E-01
11:10:00,2.239882E+04,1.714482E+04,1.156062E+00,1.680490E+00,2.381179E+04,2.528458E+04,1.228990E+00,2.478355E+00,2.451191E+04,2.698864E+04,1.265125E+00,2.645376E+00,3.257865E+04,2.742227E+04,1.681378E+00,2.687957E+00,1.134562E+04,2.207570E+03,5.853126E-01,2.163689E-01,1.086078E+04,4.567780E+03,5.603004E-01,4.477603E-01,1.108945E+04,5.088986E+03,5.720969E-01,4.988509E-01,1.325155E+04,5.202549E+03,6.836154E-01,5.099916E-01
11:20:00,2.239879E+04,1.733915E+04,1.156061E+00,1.699538E+00,2.381174E+04,2.548394E+04,1.228987E+00,2.497896E+00,2.451184E+04,2.718700E+04,1.265121E+00,2.664819E+00,3.257854E+04,2.767073E+04,1.681372E+00,2.712311E+00,1.134562E+04,2.293257E+03,5.853123E-01,2.247687E-01,1.086078E+04,4.645786E+03,5.603000E-01,4.554078E-01,1.108944E+04,5.163225E+03,5.720964E-01,5.061291E-01,1.325153E+04,5.286533E+03,6.836140E-01,5.182255E-01
11:30:00,2.239877E+04,1.753411E+04,1.156059E+00,1.718648E+00,2.381169E+04,2.568240E+04,1.228985E+00,2.517349E+00,2.451178E+04,2.738506E+04,1.265118E+00,2.684232E+00,3.257844E+04,2.792120E+04,1.681367E+00,2.736864E+00,1.134561E+04,2.373828E+03,5.853121E-01,2.326668E-01,1.086077E+04,4.719214E+03,5.602996E-01,4.626064E-01,1.108943E+04,5.232995E+03,5.720959E-01,5.129691E-01,1.325150E+04,5.367001E+03,6.836127E-01,5.261145E-01
11:40:00,2.239874E+04,1.773027E+04,1.156058E+00,1.737876E+00,2.381165E+04,2.588107E+04,1.228982E+00,2.536821E+00,2.451172E+04,2.758395E+04,1.265115E+00,2.703728E+00,3.257834E+04,2.817508E+04,1.681362E+00,2.761749E+00,1.134561E+04,2.449307E+03,5.853118E-01,2.400657E-01,1.086076E+04,4.788072E+03,5.602993E-01,4.693569E-01,1.108942E+04,5.298288E+03,5.720954E-01,5.193700E-01,1.325148E+04,5.443940E+03,6.836115E-01,5.336575E-01
11:50:00,2.239872E+04,1.792244E+04,1.156057E+00,1.756712E+00,2.381160E+04,2.607603E+04,1.228980E+00,2.555932E+00,2.451167E+04,2.777959E+04,1.265112E+00,2.722904E+00,3.257825E+04,2.842912E+04,1.681357E+00,2.786651E+00,1.134560E+04,2.519464E+03,5.853116E-01,2.469430E-01,1.086076E+04,4.852152E+03,5.602989E-01,4.756390E-01,1.108942E+04,5.358887E+03,5.720949E-01,5.253108E-01,1.325145E+04,5.517132E+03,6.836103E-01,5.408331E-01
12:00:00,2.239870E+04,1.810471E+04,1.156056E+00,1.774579E+00,2.381156E+04,2.626269E+04,1.228978E+00,2.574227E+00,2.451161E+04,2.796713E+04,1.265109E+00,2.741286E+00,3.257816E+04,2.867910E+04,1.681352E+00,2.811154E+00,1.134560E+04,2.584445E+03,5.853114E-01,2.533129E-01,1.086075E+04,4.911568E+03,5.602986E-01,4.814637E-01,1.108941E+04,5.414899E+03,5.720944E-01,5.308018E-01,1.325143E+04,5.586654E+03,6.836091E-01,5.476487E-01
12:10:00,2.239868E+04,1.828272E+04,1.156055E+00,1.792029E+00,2.381152E+04,2.644677E+04,1.228976E+00,2.592270E+00,2.451156E+04,2.815225E+04,1.265107E+00,2.759431E+00,3.257807E+04,2.893119E+04,1.681348E+00,2.835865E+00,1.134560E+04,2.647231E+03,5.853112E-01,2.594675E-01,1.086074E+04,4.969199E+03,5.602983E-01,4.871135E-01,1.108940E+04,5.469239E+03,5.720940E-01,5.361288E-01,1.325141E+04,5.655528E+03,6.836081E-01,5.544009E-01
12:20:00,2.239867E+04,1.845600E+04,1.156054E+00,1.809013E+00,2.381148E+04,2.662758E+04,1.228974E+00,2.609993E+00,2.451150E+04,2.833425E+04,1.265104E+00,2.777270E+00,3.257798E+04,2.918439E+04,1.681344E+00,2.860683E+00,1.134559E+04,2.707851E+03,5.853110E-01,2.654098E-01,1.086074E+04,5.025060E+03,5.602980E-01,4.925896E-01,1.108939E+04,5.521925E+03,5.720935E-01,5.412938E-01,1.325139E+04,5.723742E+03,6.836070E-01,5.610883E-01
12:30:00,2.239865E+04,1.862438E+04,1.156054E+00,1.825519E+00,2.381144E+04,2.680472E+04,1.228972E+00,2.627355E+00,2.451145E+04,2.851272E+04,1.265101E+00,2.794762E+00,3.257790E+04,2.943795E+04,1.681339E+00,2.885538E+00,1.134559E+04,2.766363E+03,5.853109E-01,2.711456E-01,1.086073E+04,5.079167E+03,5.602977E-01,4.978940E-01,1.108938E+04,5.572973E+03,5.720931E-01,5.462983E-01,1.325137E+04,5.791291E+03,6.836060E-01,5.677107E-01
12:40:00,2.239864E+04,1.878797E+04,1.156053E+00,1.841554E+00,2.381141E+04,2.697808E+04,1.228970E+00,2.644347E+00,2.451140E+04,2.868754E+04,1.265099E+00,2.811898E+00,3.257782E+04,2.969147E+04,1.681335E+00,2.910388E+00,1.134559E+04,2.822801E+03,5.853107E-01,2.766780E-01,1.086073E+04,5.131523E+03,5.602974E-01,5.030268E-01,1.108937E+04,5.622382E+03,5.720927E-01,5.511421E-01,1.325135E+04,5.858154E+03,6.836051E-01,5.742658E-01
12:50:00,2.239862E+04,1.894681E+04,1.156052E+00,1.857124E+00,2.381137E+04,2.714752E+04,1.228968E+00,2.660956E+00,2.451136E+04,2.885858E+04,1.265096E+00,2.828663E+00,3.257774E+04,2.994453E+04,1.681331E+00,2.935193E+00,1.134558E+04,2.877182E+03,5.853106E-01,2.820090E-01,1.086072E+04,5.182126E+03,5.602971E-01,5.079877E-01,1.108936E+04,5.670147E+03,5.720923E-01,5.558247E-01,1.325133E+04,5.924298E+03,6.836042E-01,5.807504E-01
13:00:00,2.239861E+04,1.910085E+04,1.156052E+00,1.872223E+00,2.381134E+04,2.731289E+04,1.228966E+00,2.677165E+00,2.451131E+04,2.902569E+04,1.265094E+00,2.845042E+00,3.257767E+04,3.019674E+04,1.681327E+00,2.959915E+00,1.134558E+04,2.929522E+03,5.853104E-01,2.871398E-01,1.086072E+04,5.230969E+03,5.602968E-01,5.127760E-01,1.108936E+04,5.716258E+03,5.720919E-01,5.603453E-01,1.325132E+04,5.989683E+03,6.836033E-01,5.871606E-01
13:10:00,2.239860E+04,1.924759E+04,1.156051E+00,1.886607E+00,2.381130E+04,2.747151E+04,1.228965E+00,2.692712E+00,2.451126E+04,2.918618E+04,1.265091E+00,2.860773E+00,3.257760E+04,3.044497E+04,1.681324E+00,2.984247E+00,1.134558E+04,2.978914E+03,5.853103E-01,2.919817E-01,1.086071E+04,5.277118E+03,5.602966E-01,5.173003E-01,1.108935E+04,5.759770E+03,5.720915E-01,5.646110E-01,1.325130E+04,6.053292E+03,6.836025E-01,5.933967E-01
13:20:00,2.239859E+04,1.938670E+04,1.156050E+00,1.900243E+00,2.381127E+04,2.762304E+04,1.228963E+00,2.707564E+00,2.451122E+04,2.933970E+04,1.265089E+00,2.875820E+00,3.257752E+04,3.068868E+04,1.681320E+00,3.008135E+00,1.134558E+04,3.025349E+03,5.853102E-01,2.965337E-01,1.086071E+04,5.320560E+03,5.602963E-01,5.215591E-01,1.108934E+04,5.800663E+03,5.720911E-01,5.686200E-01,1.325129E+04,6.115064E+03,6.836017E-01,5.994527E-01
13:30:00,2.239858E+04,1.951788E+04,1.156050E+00,1.913101E+00,2.381124E+04,2.776714E+04,1.228961E+00,2.721688E+00,2.451117E+04,2.948590E+04,1.265087E+00,2.890150E+00,3.257746E+04,3.092728E+04,1.681316E+00,3.031523E+00,1.134557E+04,3.068810E+03,5.853101E-01,3.007943E-01,1.086070E+04,5.361270E+03,5.602961E-01,5.255501E-01,1.108933E+04,5.838914E+03,5.720907E-01,5.723698E-01,1.325127E+04,6.174929E+03,6.836009E-01,6.053216E-01
13:40:00,2.239857E+04,1.964069E+04,1.156049E+00,1.925139E+00,2.381121E+04,2.790335E+04,1.228960E+00,2.735038E+00,2.451113E+04,2.962433E+04,1.265085E+00,2.903718E+00,3.257739E+04,3.116008E+04,1.681313E+00,3.054342E+00,1.134557E+04,3.109289E+03,5.853100E-01,3.047623E-01,1.086070E+04,5.399230E+03,5.602958E-01,5.292714E-01,1.108933E+04,5.874499E+03,5.720903E-01,5.758583E-01,1.325126E+04,6.232814E+03,6.836001E-01,6.109964E-01
13:50:00,2.239856E+04,1.975473E+04,1.156049E+00,1.936317E+00,2.381118E+04,2.803129E+04,1.228958E+00,2.747578E+00,2.451109E+04,2.975459E+04,1.265083E+00,2.916484E+00,3.257732E+04,3.138642E+04,1.681309E+00,3.076527E+00,1.134557E+04,3.146771E+03,5.853099E-01,3.084367E-01,1.086069E+04,5.434417E+03,5.602956E-01,5.327209E-01,1.108932E+04,5.907394E+03,5.720900E-01,5.790831E-01,1.325124E+04,6.288643E+03,6.835994E-01,6.164696E-01
14:00:00,2.239855E+04,1.985972E+04,1.156048E+00,1.946608E+00,2.381115E+04,2.815061E+04,1.228957E+00,2.759273E+00,2.451105E+04,2.987633E+04,1.265080E+00,2.928416E+00,3.257726E+04,3.160569E+04,1.681306E+00,3.098019E+00,1.134557E+04,3.181242E+03,5.853098E-01,3.118158E-01,1.086069E+04,5.466810E+03,5.602954E-01,5.358964E-01,1.108931E+04,5.937573E+03,5.720896E-01,5.820417E-01,1.325123E+04,6.342332E+03,6.835987E-01,6.217330E-01
14:10:00,2.239854E+04,1.995023E+04,1.156048E+00,1.955480E+00,2.381112E+04,2.825582E+04,1.228955E+00,2.769584E+00,2.451101E+04,2.998399E+04,1.265078E+00,2.938968E+00,3.257720E+04,3.181153E+04,1.681303E+00,3.118195E+00,1.134557E+04,3.210803E+03,5.853097E-01,3.147137E-01,1.086068E+04,5.494516E+03,5.602952E-01,5.386125E-01,1.108931E+04,5.963129E+03,5.720893E-01,5.845469E-01,1.325121E+04,6.391805E+03,6.835980E-01,6.265830E-01
14:20:00,2.239853E+04,2.002692E+04,1.156047E+00,1.962996E+00,2.381109E+04,2.834732E+04,1.228954E+00,2.778552E+00,2.451097E+04,3.007802E+04,1.265076E+00,2.948184E+00,3.257714E+04,3.200420E+04,1.681300E+00,3.137079E+00,1.134556E+04,3.235153E+03,5.853096E-01,3.171007E-01,1.086068E+04,5.517298E+03,5.602949E-01,5.408457E-01,1.108930E+04,5.983802E+03,5.720889E-01,5.865734E-01,1.325120E+04,6.436764E+03,6.835974E-01,6.309904E-01
14:30:00,2.239852E+04,2.009802E+04,1.156047E+00,1.969964E+00,2.381106E+04,2.843224E+04,1.228952E+00,2.786874E+00,2.451093E+04,3.016577E+04,1.265074E+00,2.956784E+00,3.257708E+04,3.218991E+04,1.681297E+00,3.155282E+00,1.134556E+04,3.254376E+03,5.853095E-01,3.189850E-01,1.086068E+04,5.535190E+03,5.602947E-01,5.425994E-01,1.108929E+04,5.999617E+03,5.720886E-01,5.881236E-01,1.325119E+04,6.477187E+03,6.835967E-01,6.349529E-01
14:40:00,2.239851E+04,2.016681E+04,1.156047E+00,1.976707E+00,2.381104E+04,2.851390E+04,1.228951E+00,2.794877E+00,2.451090E+04,3.025078E+04,1.265073E+00,2.965115E+00,3.257702E+04,3.237181E+04,1.681294E+00,3.173110E+00,1.134556E+04,3.268522E+03,5.853094E-01,3.203716E-01,1.086067E+04,5.548211E+03,5.602945E-01,5.438755E-01,1.108929E+04,6.010600E+03,5.720883E-01,5.891999E-01,1.325118E+04,6.513010E+03,6.835961E-01,6.384645E-01
14:50:00,2.239851E+04,2.023427E+04,1.156046E+00,1.983319E+00,2.381101E+04,2.859396E+04,1.228950E+00,2.802723E+00,2.451086E+04,3.033478E+04,1.265071E+00,2.973348E+00,3.257697E+04,3.255167E+04,1.681291E+00,3.190739E+00,1.134556E+04,3.277588E+03,5.853093E-01,3.212602E-01,1.086067E+04,5.556355E+03,5.602943E-01,5.446736E-01,1.108928E+04,6.016741E+03,5.720879E-01,5.898016E-01,1.325117E+04,6.544148E+03,6.835955E-01,6.415166E-01
15:00:00,2.239850E+04,2.030082E+04,1.156046E+00,1.989843E+00,2.381099E+04,2.867351E+04,1.228948E+00,2.810520E+00,2.451082E+04,3.041890E+04,1.265069E+00,2.981593E+00,3.257691E+04,3.273075E+04,1.681288E+00,3.208291E+00,1.134556E+04,3.281585E+03,5.853093E-01,3.216517E-01,1.086066E+04,5.559623E+03,5.602941E-01,5.449935E-01,1.108927E+04,6.018041E+03,5.720876E-01,5.899286E-01,1.325115E+04,6.570518E+03,6.835949E-01,6.441014E-01
15:10:00,2.239849E+04,2.036399E+04,1.156045E+00,1.996035E+00,2.381096E+04,2.875071E+04,1.228947E+00,2.818087E+00,2.451079E+04,3.050132E+04,1.265067E+00,2.989671E+00,3.257686E+04,3.290725E+04,1.681286E+00,3.225592E+00,1.134556E+04,3.279567E+03,5.853092E-01,3.214536E-01,1.086066E+04,5.557068E+03,5.602939E-01,5.447426E-01,1.108927E+04,6.013544E+03,5.720873E-01,5.894874E-01,1.325114E+04,6.591055E+03,6.835944E-01,6.461142E-01
15:20:00,2.239848E+04,2.042252E+04,1.156045E+00,2.001773E+00,2.381094E+04,2.882492E+04,1.228946E+00,2.825360E+00,2.451075E+04,3.058133E+04,1.265065E+00,2.997513E+00,3.257681E+04,3.308035E+04,1.681283E+00,3.242559E+00,1.134556E+04,3.271820E+03,5.853091E-01,3.206939E-01,1.086066E+04,5.548902E+03,5.602937E-01,5.439414E-01,1.108926E+04,6.003473E+03,5.720870E-01,5.884995E-01,1.325113E+04,6.605867E+03,6.835938E-01,6.475657E-01
15:30:00,2.239848E+04,2.046765E+04,1.156045E+00,2.006197E+00,2.381091E+04,2.888886E+04,1.228945E+00,2.831627E+00,2.451072E+04,3.065138E+04,1.265063E+00,3.004378E+00,3.257676E+04,3.324326E+04,1.681280E+00,3.258526E+00,1.134555E+04,3.258228E+03,5.853091E-01,3.193611E-01,1.086065E+04,5.535048E+03,5.602936E-01,5.425828E-01,1.108926E+04,5.987751E+03,5.720867E-01,5.869577E-01,1.325112E+04,6.614789E+03,6.835933E-01,6.484397E-01
15:40:00,2.239847E+04,2.049532E+04,1.156044E+00,2.008911E+00,2.381089E+04,2.893880E+04,1.228943E+00,2.836520E+00,2.451069E+04,3.070751E+04,1.265062E+00,3.009879E+00,3.257671E+04,3.339198E+04,1.681278E+00,3.273103E+00,1.134555E+04,3.238718E+03,5.853090E-01,3.174483E-01,1.086065E+04,5.515450E+03,5.602934E-01,5.406609E-01,1.108925E+04,5.966314E+03,5.720864E-01,5.848556E-01,1.325111E+04,6.617665E+03,6.835927E-01,6.487210E-01
15:50:00,2.239846E+04,2.050406E+04,1.156044E+00,2.009767E+00,2.381087E+04,2.897281E+04,1.228942E+00,2.839852E+00,2.451066E+04,3.074768E+04,1.265060E+00,3.013815E+00,3.257666E+04,3.352382E+04,1.681275E+00,3.286024E+00,1.134555E+04,3.213268E+03,5.853089E-01,3.149530E-01,1.086065E+04,5.490076E+03,5.602932E-01,5.381727E-01,1.108925E+04,5.939124E+03,5.720862E-01,5.821895E-01,1.325110E+04,6.614403E+03,6.835922E-01,6.484003E-01
16:00:00,2.239846E+04,2.049281E+04,1.156044E+00,2.008665E+00,2.381085E+04,2.898934E+04,1.228941E+00,2.841471E+00,2.451062E+04,3.077025E+04,1.265059E+00,3.016026E+00,3.257661E+04,3.363662E+04,1.681273E+00,3.297079E+00,1.134555E+04,3.181842E+03,5.853089E-01,3.118720E-01,1.086064E+04,5.458886E+03,5.602930E-01,5.351143E-01,1.108924E+04,5.906135E+03,5.720859E-01,5.789548E-01,1.325109E+04,6.604893E+03,6.835917E-01,6.474673E-01
16:10:00,2.239845E+04,2.047109E+04,1.156043E+00,2.006536E+00,2.381082E+04,2.899742E+04,1.228940E+00,2.842261E+00,2.451059E+04,3.078427E+04,1.265057E+00,3.017399E+00,3.257657E+04,3.373955E+04,1.681271E+00,3.307167E+00,1.134555E+04,3.148183E+03,5.853088E-01,3.085719E-01,1.086064E+04,5.425590E+03,5.602929E-01,5.318495E-01,1.108923E+04,5.871079E+03,5.720856E-01,5.755175E-01,1.325108E+04,6.593005E+03,6.835913E-01,6.463009E-01
16:20:00,2.239845E+04,2.043863E+04,1.156043E+00,2.003354E+00,2.381080E+04,2.899633E+04,1.228939E+00,2.842153E+00,2.451056E+04,3.078902E+04,1.265055E+00,3.017862E+00,3.257652E+04,3.383137E+04,1.681268E+00,3.316164E+00,1.134555E+04,3.112259E+03,5.853088E-01,3.050500E-01,1.086064E+04,5.390147E+03,5.602927E-01,5.283742E-01,1.108923E+04,5.833920E+03,5.720853E-01,5.718741E-01,1.325107E+04,6.578637E+03,6.835908E-01,6.448917E-01
16:30:00,2.239844E+04,2.039493E+04,1.156043E+00,1.999071E+00,2.381078E+04,2.898517E+04,1.228938E+00,2.841057E+00,2.451053E+04,3.078355E+04,1.265054E+00,3.017325E+00,3.257648E+04,3.391067E+04,1.681266E+00,3.323936E+00,1.134555E+04,3.074057E+03,5.853087E-01,3.013047E-01,1.086063E+04,5.352532E+03,5.602925E-01,5.246860E-01,1.108922E+04,5.794629E+03,5.720851E-01,5.680217E-01,1.325107E+04,6.561699E+03,6.835903E-01,6.432305E-01
16:40:00,2.239843E+04,2.033967E+04,1.156043E+00,1.993653E+00,2.381076E+04,2.896311E+04,1.228937E+00,2.838893E+00,2.451050E+04,3.076703E+04,1.265052E+00,3.015704E+00,3.257644E+04,3.397620E+04,1.681264E+00,3.330357E+00,1.134555E+04,3.033550E+03,5.853087E-01,2.973336E-01,1.086063E+04,5.312711E+03,5.602924E-01,5.207817E-01,1.108922E+04,5.753167E+03,5.720848E-01,5.639566E-01,1.325106E+04,6.542113E+03,6.835899E-01,6.413098E-01
16:50:00,2.239843E+04,2.027215E+04,1.156042E+00,1.987035E+00,2.381074E+04,2.892906E+04,1.228936E+00,2.835554E+00,2.451048E+04,3.073833E+04,1.265051E+00,3.012889E+00,3.257640E+04,3.402659E+04,1.681262E+00,3.335295E+00,1.134555E+04,2.990708E+03,5.853086E-01,2.931336E-01,1.086063E+04,5.270648E+03,5.602922E-01,5.166577E-01,1.108921E+04,5.709495E+03,5.720846E-01,5.596749E-01,1.325105E+04,6.519775E+03,6.835895E-01,6.391192E-01
17:00:00,2.239842E+04,2.019175E+04,1.156042E+00,1.979153E+00,2.381072E+04,2.888198E+04,1.228935E+00,2.830938E+00,2.451045E+04,3.069637E+04,1.265049E+00,3.008775E+00,3.257636E+04,3.406035E+04,1.681260E+00,3.338602E+00,1.134554E+04,2.945503E+03,5.853086E-01,2.887019E-01,1.086062E+04,5.226309E+03,5.602921E-01,5.123104E-01,1.108921E+04,5.663576E+03,5.720843E-01,5.551728E-01,1.325104E+04,6.494570E+03,6.835890E-01,6.366477E-01
17:10:00,2.239842E+04,2.009816E+04,1.156042E+00,1.969979E+00,2.381070E+04,2.882113E+04,1.228934E+00,2.824972E+00,2.451042E+04,3.064040E+04,1.265048E+00,3.003288E+00,3.257632E+04,3.407632E+04,1.681258E+00,3.340165E+00,1.134554E+04,2.898060E+03,5.853085E-01,2.840508E-01,1.086062E+04,5.179774E+03,5.602919E-01,5.077480E-01,1.108920E+04,5.615495E+03,5.720841E-01,5.504589E-01,1.325103E+04,6.466515E+03,6.835886E-01,6.338968E-01
17:20:00,2.239841E+04,1.999140E+04,1.156042E+00,1.959513E+00,2.381068E+04,2.874617E+04,1.228933E+00,2.817623E+00,2.451040E+04,3.057007E+04,1.265047E+00,2.996393E+00,3.257628E+04,3.407379E+04,1.681256E+00,3.339916E+00,1.134554E+04,2.848782E+03,5.853085E-01,2.792200E-01,1.086062E+04,5.131357E+03,5.602918E-01,5.030010E-01,1.108920E+04,5.565582E+03,5.720838E-01,5.455654E-01,1.325102E+04,6.435874E+03,6.835882E-01,6.308922E-01
17:30:00,2.239841E+04,1.986639E+04,1.156041E+00,1.947258E+00,2.381067E+04,2.865172E+04,1.228932E+00,2.808364E+00,2.451037E+04,3.047985E+04,1.265045E+00,2.987548E+00,3.257624E+04,3.404767E+04,1.681254E+00,3.337354E+00,1.134554E+04,2.797678E+03,5.853084E-01,2.742102E-01,1.086062E+04,5.081074E+03,5.602916E-01,4.980712E-01,1.108920E+04,5.513856E+03,5.720836E-01,5.404941E-01,1.325102E+04,6.402641E+03,6.835878E-01,6.276337E-01
17:40:00,2.239840E+04,1.972573E+04,1.156041E+00,1.933469E+00,2.381065E+04,2.853992E+04,1.228931E+00,2.797403E+00,2.451034E+04,3.037187E+04,1.265044E+00,2.976962E+00,3.257621E+04,3.399901E+04,1.681252E+00,3.332582E+00,1.134554E+04,2.745175E+03,5.853084E-01,2.690631E-01,1.086061E+04,5.029263E+03,5.602915E-01,4.929914E-01,1.108919E+04,5.460677E+03,5.720834E-01,5.352803E-01,1.325101E+04,6.367099E+03,6.835874E-01,6.241487E-01
17:50:00,2.239840E+04,1.957030E+04,1.156041E+00,1.918232E+00,2.381063E+04,2.841132E+04,1.228930E+00,2.784796E+00,2.451032E+04,3.024675E+04,1.265043E+00,2.964696E+00,3.257617E+04,3.392792E+04,1.681250E+00,3.325611E+00,1.134554E+04,2.691533E+03,5.853083E-01,2.638045E-01,1.086061E+04,4.976134E+03,5.602913E-01,4.877826E-01,1.108919E+04,5.406275E+03,5.720831E-01,5.299467E-01,1.325100E+04,6.329455E+03,6.835871E-01,6.204577E-01
18:00:00,2.239840E+04,1.939994E+04,1.156041E+00,1.901530E+00,2.381062E+04,2.826565E+04,1.228929E+00,2.770517E+00,2.451029E+04,3.010421E+04,1.265042E+00,2.950723E+00,3.257614E+04,3.383390E+04,1.681248E+00,3.316393E+00,1.134554E+04,2.636878E+03,5.853083E-01,2.584466E-01,1.086061E+04,4.921814E+03,5.602912E-01,4.824569E-01,1.108918E+04,5.350791E+03,5.720829E-01,5.245070E-01,1.325100E+04,6.289817E+03,6.835867E-01,6.165713E-01
18:10:00,2.298876E+04,1.920649E+04,1.186511E+00,1.882565E+00,2.440148E+04,2.809447E+04,1.259425E+00,2.753736E+00,2.510167E+04,2.993569E+04,1.295564E+00,2.934204E+00,3.438919E+04,3.370765E+04,1.774820E+00,3.304015E+00,1.144215E+04,2.578224E+03,5.902921E-01,2.526968E-01,1.095729E+04,4.863379E+03,5.652792E-01,4.767279E-01,1.118595E+04,5.291283E+03,5.770752E-01,5.186728E-01,1.365725E+04,6.245056E+03,7.045445E-01,6.121825E-01
18:20:00,2.357937E+04,1.898841E+04,1.216993E+00,1.861186E+00,2.499257E+04,2.789608E+04,1.289932E+00,2.734288E+00,2.569325E+04,2.973942E+04,1.326096E+00,2.914963E+00,3.620347E+04,3.354729E+04,1.868446E+00,3.288294E+00,1.153901E+04,2.515078E+03,5.952871E-01,2.465067E-01,1.105425E+04,4.800464E+03,5.702791E-01,4.705596E-01,1.128298E+04,5.227353E+03,5.820790E-01,5.124051E-01,1.406442E+04,6.194728E+03,7.255400E-01,6.072480E-01
18:30:00,2.417037E+04,1.874935E+04,1.247493E+00,1.837749E+00,2.558408E+04,2.767401E+04,1.320458E+00,2.712519E+00,2.628527E+04,2.951898E+04,1.356649E+00,2.893354E+00,3.801910E+04,3.335546E+04,1.962128E+00,3.269488E+00,1.163580E+04,2.447262E+03,6.002781E-01,2.398587E-01,1.115113E+04,4.732910E+03,5.752745E-01,4.639365E-01,1.137994E+04,5.158848E+03,5.870785E-01,5.056888E-01,1.447141E+04,6.138617E+03,7.465233E-01,6.017464E-01
18:40:00,2.476188E+04,1.848499E+04,1.278017E+00,1.811832E+00,2.617612E+04,2.742408E+04,1.351009E+00,2.688018E+00,2.687783E+04,2.927006E+04,1.387226E+00,2.868954E+00,3.983649E+04,3.312843E+04,2.055884E+00,3.247231E+00,1.173264E+04,2.374103E+03,6.052711E-01,2.326871E-01,1.124805E+04,4.660197E+03,5.802719E-01,4.568075E-01,1.147694E+04,5.085194E+03,5.920800E-01,4.984677E-01,1.487859E+04,6.076108E+03,7.675141E-01,5.956176E-01
18:50:00,2.535382E+04,1.819254E+04,1.308560E+00,1.783161E+00,2.676858E+04,2.714359E+04,1.381578E+00,2.660523E+00,2.747081E+04,2.898983E+04,1.417821E+00,2.841483E+00,4.165507E+04,3.286344E+04,2.149687E+00,3.221253E+00,1.182949E+04,2.295020E+03,6.102649E-01,2.249347E-01,1.134499E+04,4.581835E+03,5.852700E-01,4.491247E-01,1.157396E+04,5.005876E+03,5.970823E-01,4.906912E-01,1.528586E+04,6.006622E+03,7.885084E-01,5.888047E-01
19:00:00,2.594608E+04,1.787056E+04,1.339117E+00,1.751596E+00,2.736136E+04,2.683087E+04,1.412161E+00,2.629868E+00,2.806412E+04,2.867648E+04,1.448431E+00,2.810767E+00,4.347441E+04,3.255839E+04,2.243518E+00,3.191349E+00,1.192636E+04,2.209524E+03,6.152592E-01,2.165538E-01,1.144193E+04,4.497398E+03,5.902685E-01,4.408463E-01,1.167099E+04,4.920410E+03,6.020850E-01,4.823120E-01,1.569317E+04,5.929580E+03,8.095045E-01,5.812509E-01
19:10:00,2.594821E+04,1.753346E+04,1.339214E+00,1.718549E+00,2.736350E+04,2.650139E+04,1.412258E+00,2.597571E+00,2.806628E+04,2.834536E+04,1.448529E+00,2.778308E+00,4.348113E+04,3.223100E+04,2.243795E+00,3.159255E+00,1.192663E+04,2.125149E+03,6.152700E-01,2.082826E-01,1.144220E+04,4.414530E+03,5.902793E-01,4.327216E-01,1.167126E+04,4.836431E+03,6.020956E-01,4.740785E-01,1.569425E+04,5.853034E+03,8.095439E-01,5.737457E-01
19:20:00,2.595030E+04,1.718579E+04,1.339309E+00,1.684465E+00,2.736561E+04,2.615916E+04,1.412353E+00,2.564023E+00,2.806841E+04,2.800054E+04,1.448625E+00,2.744508E+00,4.348697E+04,3.188399E+04,2.244032E+00,3.125237E+00,1.192665E+04,2.041974E+03,6.152700E-01,2.001292E-01,1.144220E+04,4.333114E+03,5.902784E-01,4.247395E-01,1.167126E+04,4.753809E+03,6.020950E-01,4.659782E-01,1.569445E+04,5.776742E+03,8.095470E-01,5.662656E-01
19:30:00,2.595215E+04,1.683116E+04,1.339393E+00,1.649699E+00,2.736745E+04,2.580657E+04,1.412435E+00,2.529462E+00,2.807026E+04,2.764450E+04,1.448707E+00,2.709607E+00,4.349169E+04,3.151924E+04,2.244222E+00,3.089481E+00,1.192674E+04,1.959747E+03,6.152741E-01,1.920689E-01,1.144229E+04,4.253018E+03,5.902823E-01,4.168869E-01,1.167135E+04,4.672372E+03,6.020989E-01,4.579942E-01,1.569485E+04,5.700422E+03,8.095636E-01,5.587830E-01
19:40:00,2.595361E+04,1.646354E+04,1.339459E+00,1.613662E+00,2.736888E+04,2.543808E+04,1.412499E+00,2.493341E+00,2.807169E+04,2.727132E+04,1.448770E+00,2.673027E+00,4.349482E+04,3.113177E+04,2.244348E+00,3.051499E+00,1.192680E+04,1.877166E+03,6.152766E-01,1.839739E-01,1.144234E+04,4.173388E+03,5.902845E-01,4.090802E-01,1.167140E+04,4.591187E+03,6.021011E-01,4.500351E-01,1.569508E+04,5.623061E+03,8.095737E-01,5.511985E-01
19:50:00,2.595474E+04,1.608719E+04,1.339510E+00,1.576768E+00,2.736997E+04,2.505785E+04,1.412548E+00,2.456071E+00,2.807278E+04,2.688518E+04,1.448819E+00,2.635178E+00,4.349691E+04,3.072495E+04,2.244434E+00,3.011621E+00,1.192683E+04,1.794128E+03,6.152784E-01,1.758343E-01,1.144237E+04,4.094267E+03,5.902861E-01,4.013234E-01,1.167144E+04,4.510237E+03,6.021027E-01,4.420991E-01,1.569525E+04,5.544519E+03,8.095815E-01,5.434982E-01
20:00:00,2.595563E+04,1.571255E+04,1.339550E+00,1.540042E+00,2.737083E+04,2.467643E+04,1.412586E+00,2.418683E+00,2.807363E+04,2.649703E+04,1.448857E+00,2.597130E+00,4.349836E+04,3.030853E+04,2.244496E+00,2.970801E+00,1.192687E+04,1.711588E+03,6.152799E-01,1.677436E-01,1.144240E+04,4.016378E+03,5.902875E-01,3.936876E-01,1.167147E+04,4.430265E+03,6.021041E-01,4.342590E-01,1.569539E+04,5.465406E+03,8.095884E-01,5.357420E-01
20:10:00,2.595632E+04,1.535363E+04,1.339582E+00,1.504857E+00,2.737149E+04,2.430576E+04,1.412617E+00,2.382350E+00,2.807429E+04,2.611953E+04,1.448887E+00,2.560128E+00,4.349941E+04,2.989357E+04,2.244543E+00,2.930125E+00,1.192689E+04,1.629470E+03,6.152812E-01,1.596943E-01,1.144242E+04,3.939003E+03,5.902887E-01,3.861022E-01,1.167149E+04,4.350833E+03,6.021054E-01,4.264720E-01,1.569551E+04,5.385113E+03,8.095947E-01,5.278701E-01
20:20:00,2.595688E+04,1.501652E+04,1.339608E+00,1.471811E+00,2.737202E+04,2.395171E+04,1.412641E+00,2.347648E+00,2.807481E+04,2.575892E+04,1.448911E+00,2.524782E+00,4.350021E+04,2.948774E+04,2.244580E+00,2.890345E+00,1.192692E+04,1.548515E+03,6.152825E-01,1.517591E-01,1.144245E+04,3.862754E+03,5.902899E-01,3.786272E-01,1.167151E+04,4.272558E+03,6.021066E-01,4.187984E-01,1.569563E+04,5.304456E+03,8.096004E-01,5.199627E-01
20:30:00,2.595732E+04,1.470350E+04,1.339628E+00,1.441126E+00,2.737245E+04,2.361826E+04,1.412660E+00,2.314964E+00,2.807523E+04,2.541937E+04,1.448930E+00,2.491500E+00,4.350083E+04,2.909672E+04,2.244609E+00,2.852016E+00,1.192694E+04,1.469494E+03,6.152836E-01,1.440135E-01,1.144247E+04,3.788168E+03,5.902909E-01,3.713152E-01,1.167154E+04,4.196010E+03,6.021077E-01,4.112941E-01,1.569573E+04,5.224192E+03,8.096055E-01,5.120937E-01
20:40:00,2.595767E+04,1.442489E+04,1.339644E+00,1.413815E+00,2.737279E+04,2.331609E+04,1.412676E+00,2.285348E+00,2.807557E+04,2.511226E+04,1.448946E+00,2.461400E+00,4.350132E+04,2.873204E+04,2.244632E+00,2.816271E+00,1.192696E+04,1.394174E+03,6.152846E-01,1.366307E-01,1.144249E+04,3.716460E+03,5.902919E-01,3.642854E-01,1.167156E+04,4.122514E+03,6.021088E-01,4.040890E-01,1.569582E+04,5.145752E+03,8.096101E-01,5.044038E-01
20:50:00,2.595795E+04,1.418047E+04,1.339657E+00,1.389855E+00,2.737306E+04,2.304581E+04,1.412689E+00,2.258857E+00,2.807585E+04,2.483825E+04,1.448958E+00,2.434544E+00,4.350171E+04,2.839633E+04,2.244651E+00,2.783365E+00,1.192698E+04,1.323174E+03,6.152856E-01,1.296715E-01,1.144251E+04,3.648017E+03,5.902928E-01,3.575757E-01,1.167158E+04,4.052529E+03,6.021097E-01,3.972281E-01,1.569590E+04,5.069707E+03,8.096144E-01,4.969486E-01
21:00:00,2.595817E+04,1.396329E+04,1.339668E+00,1.368567E+00,2.737328E+04,2.280142E+04,1.412699E+00,2.234905E+00,2.807607E+04,2.459092E+04,1.448969E+00,2.410303E+00,4.350203E+04,2.808551E+04,2.244667E+00,2.752900E+00,1.192700E+04,1.256089E+03,6.152865E-01,1.230962E-01,1.144252E+04,3.582561E+03,5.902937E-01,3.511590E-01,1.167159E+04,3.985801E+03,6.021107E-01,3.906866E-01,1.569597E+04,4.995971E+03,8.096182E-01,4.897197E-01
21:10:00,2.595835E+04,1.375968E+04,1.339676E+00,1.348610E+00,2.737347E+04,2.257182E+04,1.412708E+00,2.212403E+00,2.807627E+04,2.435821E+04,1.448978E+00,2.387497E+00,4.350231E+04,2.778839E+04,2.244681E+00,2.723779E+00,1.192701E+04,1.190365E+03,6.152873E-01,1.166544E-01,1.144254E+04,3.517991E+03,5.902945E-01,3.448290E-01,1.167161E+04,3.919974E+03,6.021116E-01,3.842335E-01,1.569604E+04,4.922186E+03,8.096218E-01,4.824862E-01
21:20:00,2.595850E+04,1.356198E+04,1.339683E+00,1.329232E+00,2.737362E+04,2.235021E+04,1.412715E+00,2.190684E+00,2.807643E+04,2.413392E+04,1.448986E+00,2.365514E+00,4.350254E+04,2.749893E+04,2.244692E+00,2.695408E+00,1.192703E+04,1.125423E+03,6.152880E-01,1.102893E-01,1.144255E+04,3.453963E+03,5.902953E-01,3.385522E-01,1.167163E+04,3.854730E+03,6.021125E-01,3.778374E-01,1.569611E+04,4.847939E+03,8.096251E-01,4.752073E-01
21:30:00,2.595862E+04,1.336711E+04,1.339689E+00,1.310131E+00,2.737375E+04,2.213293E+04,1.412721E+00,2.169388E+00,2.807657E+04,2.391512E+04,1.448993E+00,2.344070E+00,4.350275E+04,2.721380E+04,2.244703E+00,2.667460E+00,1.192704E+04,1.061065E+03,6.152887E-01,1.039814E-01,1.144257E+04,3.390314E+03,5.902960E-01,3.323125E-01,1.167164E+04,3.789899E+03,6.021133E-01,3.714818E-01,1.569616E+04,4.772983E+03,8.096281E-01,4.678588E-01
21:40:00,2.595871E+04,1.317377E+04,1.339693E+00,1.291180E+00,2.737386E+04,2.191803E+04,1.412727E+00,2.148325E+00,2.807669E+04,2.369913E+04,1.448999E+00,2.322900E+00,4.350294E+04,2.693114E+04,2.244713E+00,2.639754E+00,1.192705E+04,9.972086E+02,6.152893E-01,9.772287E-02,1.144258E+04,3.326962E+03,5.902967E-01,3.261019E-01,1.167166E+04,3.725386E+03,6.021141E-01,3.651574E-01,1.569622E+04,4.697240E+03,8.096308E-01,4.604331E-01
21:50:00,2.595879E+04,1.298125E+04,1.339697E+00,1.272309E+00,2.737396E+04,2.170418E+04,1.412732E+00,2.127364E+00,2.807680E+04,2.348447E+04,1.449004E+00,2.301861E+00,4.350311E+04,2.665022E+04,2.244721E+00,2.612220E+00,1.192706E+04,9.337869E+02,6.152899E-01,9.150700E-02,1.144259E+04,3.263842E+03,5.902973E-01,3.199140E-01,1.167167E+04,3.661114E+03,6.021148E-01,3.588566E-01,1.569627E+04,4.620689E+03,8.096334E-01,4.529282E-01
22:00:00,2.595886E+04,1.278913E+04,1.339700E+00,1.253477E+00,2.737404E+04,2.149028E+04,1.412736E+00,2.106398E+00,2.807689E+04,2.327010E+04,1.449009E+00,2.280849E+00,4.350327E+04,2.636920E+04,2.244729E+00,2.584674E+00,1.192707E+04,8.707350E+02,6.152905E-01,8.532744E-02,1.144260E+04,3.200895E+03,5.902979E-01,3.137432E-01,1.167169E+04,3.597015E+03,6.021155E-01,3.525727E-01,1.569631E+04,4.543316E+03,8.096358E-01,4.453428E-01
22:10:00,2.595892E+04,1.057763E+04,1.339703E+00,1.036725E+00,2.737412E+04,1.781953E+04,1.412740E+00,1.746604E+00,2.807698E+04,1.930313E+04,1.449013E+00,1.892021E+00,4.350342E+04,2.202617E+04,2.244737E+00,2.155768E+00,1.192708E+04,6.993353E+02,6.152910E-01,6.853083E-02,1.144261E+04,2.641189E+03,5.902985E-01,2.588819E-01,1.167170E+04,2.970812E+03,6.021162E-01,2.911930E-01,1.569636E+04,3.753916E+03,8.096380E-01,3.679641E-01
22:20:00,2.595897E+04,8.398167E+03,1.339705E+00,8.231125E-01,2.737419E+04,1.492650E+04,1.412743E+00,1.447914E+00,2.807707E+04,1.631870E+04,1.449018E+00,1.580187E+00,4.350355E+04,1.864147E+04,2.244744E+00,1.801505E+00,1.192709E+04,5.385240E+02,6.152914E-01,5.277199E-02,1.144263E+04,2.092007E+03,5.902990E-01,2.050522E-01,1.167171E+04,2.355322E+03,6.021169E-01,2.308636E-01,1.569640E+04,2.977205E+03,8.096401E-01,2.918293E-01
22:30:00,2.595901E+04,6.250652E+03,1.339707E+00,6.126319E-01,2.737425E+04,1.259968E+04,1.412746E+00,1.194653E+00,2.807715E+04,1.407473E+04,1.449021E+00,1.326216E+00,4.350368E+04,1.602638E+04,2.244751E+00,1.507702E+00,1.192710E+04,3.882352E+02,6.152918E-01,3.804443E-02,1.144264E+04,1.553315E+03,5.902995E-01,1.522511E-01,1.167173E+04,1.750512E+03,6.021175E-01,1.715812E-01,1.569644E+04,2.213315E+03,8.096420E-01,2.169516E-01
22:40:00,2.595904E+04,4.135110E+03,1.339709E+00,4.052854E-01,2.737431E+04,1.080559E+04,1.412749E+00,9.823883E-01,2.807722E+04,1.211712E+04,1.449025E+00,1.094762E+00,4.350381E+04,1.362533E+04,2.244757E+00,1.231250E+00,1.192711E+04,2.484135E+02,6.152922E-01,2.434273E-02,1.144264E+04,1.025093E+03,5.903000E-01,1.004762E-01,1.167174E+04,1.156363E+03,6.021181E-01,1.133439E-01,1.569647E+04,1.462393E+03,8.096438E-01,1.433452E-01
22:50:00,2.595908E+04,2.051547E+03,1.339711E+00,2.010736E-01,2.737437E+04,9.163994E+03,1.412752E+00,7.821409E-01,2.807729E+04,1.040829E+04,1.449029E+00,8.831257E-01,4.350393E+04,1.148512E+04,2.244763E+00,9.758894E-01,1.192711E+04,1.190138E+02,6.152926E-01,1.166244E-02,1.144265E+04,5.073241E+02,5.903005E-01,4.972614E-02,1.167175E+04,5.728604E+02,6.021187E-01,5.615030E-02,1.569650E+04,7.626238E+02,8.096455E-01,7.396127E-02
23:00:00,2.595910E+04,0.000000E+00,1.339712E+00,0.000000E+00,2.737442E+04,7.534229E+03,1.412755E+00,5.835518E-01,2.807735E+04,8.732458E+03,1.449032E+00,6.747913E-01,4.350404E+04,9.388362E+03,2.244769E+00,7.248712E-01,1.192712E+04,0.000000E+00,6.152929E-01,0.000000E+00,1.144266E+04,0.000000E+00,5.903009E-01,0.000000E+00,1.167176E+04,0.000000E+00,6.021193E-01,0.000000E+00,1.569653E+04,9.978423E+01,8.096471E-01,7.700815E-03
23:10:00,2.595913E+04,0.000000E+00,1.339713E+00,0.000000E+00,2.737447E+04,9.416518E+03,1.412757E+00,7.287886E-01,2.807742E+04,1.084715E+04,1.449035E+00,8.379615E-01,4.350415E+04,1.138608E+04,2.244775E+00,8.787144E-01,1.192713E+04,0.000000E+00,6.152932E-01,0.000000E+00,1.144267E+04,0.000000E+00,5.903013E-01,0.000000E+00,1.167177E+04,0.000000E+00,6.021198E-01,0.000000E+00,1.569656E+04,1.192664E+02,8.096486E-01,9.203904E-03
23:20:00,2.595915E+04,1.244457E+02,1.339715E+00,9.609626E-03,2.737452E+04,1.055173E+04,1.412760E+00,8.160199E-01,2.807748E+04,1.201088E+04,1.449039E+00,9.273129E-01,4.350425E+04,1.245980E+04,2.244780E+00,9.615429E-01,1.192713E+04,0.000000E+00,6.152935E-01,0.000000E+00,1.144268E+04,0.000000E+00,5.903017E-01,0.000000E+00,1.167178E+04,0.000000E+00,6.021204E-01,0.000000E+00,1.569659E+04,1.585741E+02,8.096500E-01,1.223646E-02
23:30:00,2.595917E+04,2.114656E+02,1.339716E+00,1.632317E-02,2.737457E+04,1.114852E+04,1.412762E+00,8.607087E-01,2.807754E+04,1.246217E+04,1.449042E+00,9.616858E-01,4.350436E+04,1.279426E+04,2.244785E+00,9.872279E-01,1.192714E+04,0.000000E+00,6.152937E-01,0.000000E+00,1.144269E+04,0.000000E+00,5.903021E-01,0.000000E+00,1.167179E+04,0.000000E+00,6.021209E-01,0.000000E+00,1.569662E+04,1.960411E+02,8.096514E-01,1.512706E-02
23:40:00,2.595919E+04,3.153530E+02,1.339717E+00,2.433796E-02,2.737461E+04,1.123969E+04,1.412764E+00,8.672384E-01,2.807760E+04,1.265479E+04,1.449045E+00,9.764227E-01,4.350445E+04,1.294358E+04,2.244790E+00,9.987680E-01,1.192714E+04,0.000000E+00,6.152939E-01,0.000000E+00,1.144269E+04,0.000000E+00,5.903025E-01,0.000000E+00,1.167180E+04,0.000000E+00,6.021214E-01,0.000000E+00,1.569664E+04,2.307298E+02,8.096526E-01,1.780331E-02
23:50:00,2.595921E+04,4.197210E+02,1.339717E+00,3.238986E-02,2.737465E+04,1.120484E+04,1.412767E+00,8.645454E-01,2.807765E+04,1.262583E+04,1.449048E+00,9.741924E-01,4.350455E+04,1.285930E+04,2.244795E+00,9.922834E-01,1.192715E+04,0.000000E+00,6.152942E-01,0.000000E+00,1.144270E+04,0.000000E+00,5.903028E-01,0.000000E+00,1.167181E+04,0.000000E+00,6.021219E-01,0.000000E+00,1.569666E+04,2.236450E+02,8.096538E-01,1.725434E-02
24:00:00,2.595923E+04,5.181916E+02,1.339718E+00,3.998677E-02,2.737469E+04,1.118418E+04,1.412769E+00,8.629564E-01,2.807771E+04,1.259065E+04,1.449050E+00,9.714836E-01,4.350464E+04,1.275898E+04,2.244800E+00,9.845596E-01,1.192715E+04,0.000000E+00,6.152944E-01,0.000000E+00,1.144271E+04,0.000000E+00,5.903032E-01,0.000000E+00,1.167182E+04,0.000000E+00,6.021224E-01,0.000000E+00,1.569669E+04,1.884702E+02,8.096550E-01,1.454055E-02
Peak,2.595947E+04,2.050406E+04,1.339731E+00,2.009767E+00,2.737554E+04,2.899742E+04,1.412813E+00,2.842261E+00,2.807892E+04,3.078902E+04,1.449113E+00,3.017862E+00,4.350654E+04,3.407632E+04,2.244898E+00,3.340165E+00,1.192720E+04,3.281585E+03,6.152972E-01,3.216517E-01,1.144283E+04,5.559623E+03,5.903098E-01,5.449935E-01,1.167203E+04,6.018041E+03,6.021333E-01,5.899286E-01,1.569710E+04,6.617665E+03,8.096765E-01,6.487210E-01

Peak Vol Flow (m3/s),,,1.140697E+00,1.711191E+00,,,1.202921E+00,2.420007E+00,,,1.233829E+00,2.569520E+00,,,1.911390E+00,2.843941E+00,,,5.238868E-01,2.738662E-01,,,5.026117E-01,4.640277E-01,,,5.126786E-01,5.022871E-01,,,6.893886E-01,5.523451E-01
