<Attribute>
  <UUID>{73939b0d-9fce-41e4-a9a7-76cd3a1e03d0}</UUID>
  <VersionUUID>{77429bb8-9b8a-4779-b5b7-52a824c04bdb}</VersionUUID>
  <Name>Report</Name>
  <ValueType>AttributeVector</ValueType>
  <Value>
    <Attribute>
      <UUID>{11042f21-c1a0-4595-80a8-c5c23957d381}</UUID>
      <VersionUUID>{ebdcba0c-8e61-4c15-b2e7-16c96a181f07}</VersionUUID>
      <Name>Total Site Energy</Name>
      <Source>OpenStudioPostProcess</Source>
      <ValueType>Double</ValueType>
      <Value>443.63</Value>
      <Units>GJ</Units>
    </Attribute>
    <Attribute>
      <UUID>{49f63ee9-9c7c-4dbb-89d2-5d51b926630c}</UUID>
      <VersionUUID>{c6da0d02-f5ac-49c6-9ac0-6ea0eaca482e}</VersionUUID>
      <Name>Net Site Energy</Name>
      <Source>OpenStudioPostProcess</Source>
      <ValueType>Double</ValueType>
      <Value>443.63</Value>
      <Units>GJ</Units>
    </Attribute>
    <Attribute>
      <UUID>{0c2b73c7-cbe7-40f9-a3f6-db92a81e3ee6}</UUID>
      <VersionUUID>{6fe969ba-6559-439a-a7dc-c350f30f2edb}</VersionUUID>
      <Name>Total Source Energy</Name>
      <Source>OpenStudioPostProcess</Source>
      <ValueType>Double</ValueType>
      <Value>1354.21</Value>
      <Units>GJ</Units>
    </Attribute>
    <Attribute>
      <UUID>{e6dfee92-b0a7-4f1f-ac65-c2046df487f6}</UUID>
      <VersionUUID>{d8079fa1-3e78-4477-a0c4-220ee77e18fc}</VersionUUID>
      <Name>Net Source Energy</Name>
      <Source>OpenStudioPostProcess</Source>
      <ValueType>Double</ValueType>
      <Value>1354.21</Value>
      <Units>GJ</Units>
    </Attribute>
    <Attribute>
      <UUID>{d06dbfea-4c4b-4af9-acb7-44169e9ffc21}</UUID>
      <VersionUUID>{f54bdd6a-c79c-4a06-b3d5-9256bb8312b5}</VersionUUID>
      <Name>Net Site Energy Use Intensity</Name>
      <Source>OpenStudioPostProcess</Source>
      <ValueType>Double</ValueType>
      <Value>443.63</Value>
      <Units>MJ/m^2</Units>
    </Attribute>
    <Attribute>
      <UUID>{bfa82abc-f254-40be-99fc-3e90f5de57f3}</UUID>
      <VersionUUID>{0c157694-4c06-487b-8a08-e07a020ab3b6}</VersionUUID>
      <Name>Instantaneous Peak Electricity Demand</Name>
      <Source>OpenStudioPostProcess</Source>
      <ValueType>Double</ValueType>
      <Value>16468.78</Value>
      <Units>kW</Units>
    </Attribute>
    <Attribute>
      <UUID>{1985294d-ec73-4c03-9617-bdf5e092c40b}</UUID>
      <VersionUUID>{78825e80-6183-481b-aa3a-6a933149ff53}</VersionUUID>
      <Name>Electricity Total End Uses</Name>
      <Source>OpenStudioPostProcess</Source>
      <ValueType>Double</ValueType>
      <Value>254.04</Value>
      <Units>GJ</Units>
    </Attribute>
    <Attribute>
      <UUID>{832c57e4-ffbb-416f-b56e-412a72807b17}</UUID>
      <VersionUUID>{c62d257c-59c8-4f7b-91cb-14a4209339ee}</VersionUUID>
      <Name>Natural Gas Total End Uses</Name>
      <Source>OpenStudioPostProcess</Source>
      <ValueType>Double</ValueType>
      <Value>0</Value>
      <Units>GJ</Units>
    </Attribute>
    <Attribute>
      <UUID>{914eeb3f-230c-4ba0-9659-f09df99546ca}</UUID>
      <VersionUUID>{c14b5d3c-9ae8-486f-b639-76725146905d}</VersionUUID>
      <Name>District Cooling Total End Uses</Name>
      <Source>OpenStudioPostProcess</Source>
      <ValueType>Double</ValueType>
      <Value>52.93</Value>
      <Units>GJ</Units>
    </Attribute>
    <Attribute>
      <UUID>{d176ecea-60a9-4527-994f-88347fb4a6f7}</UUID>
      <VersionUUID>{8e23a2ca-9ed7-47d0-888c-6b20db22f04b}</VersionUUID>
      <Name>District Heating Total End Uses</Name>
      <Source>OpenStudioPostProcess</Source>
      <ValueType>Double</ValueType>
      <Value>136.66</Value>
      <Units>GJ</Units>
    </Attribute>
    <Attribute>
      <UUID>{2b266394-2fda-491b-8784-5822d4373228}</UUID>
      <VersionUUID>{b9532d8f-c470-43d6-a9cf-3cc0d63823e6}</VersionUUID>
      <Name>Other Fuel Total End Uses</Name>
      <Source>OpenStudioPostProcess</Source>
      <ValueType>Double</ValueType>
      <Value>0</Value>
      <Units>GJ</Units>
    </Attribute>
    <Attribute>
      <UUID>{85416269-bb4b-4376-8996-e466c73594fe}</UUID>
      <VersionUUID>{2a189781-5c1a-4fdc-a675-4cd1bcf24aea}</VersionUUID>
      <Name>EndUses.Electricity.InteriorLights.General</Name>
      <Source>OpenStudioPostProcess</Source>
      <ValueType>Double</ValueType>
      <Value>123.73</Value>
      <Units>GJ</Units>
    </Attribute>
    <Attribute>
      <UUID>{a6438dc9-1edf-40f8-85c2-8e76e2c79d42}</UUID>
      <VersionUUID>{ac6469d7-c5ee-4ccf-84d4-23adc8c178c7}</VersionUUID>
      <Name>EndUses.Electricity.InteriorEquipment.General</Name>
      <Source>OpenStudioPostProcess</Source>
      <ValueType>Double</ValueType>
      <Value>130.32</Value>
      <Units>GJ</Units>
    </Attribute>
    <Attribute>
      <UUID>{28d2023c-6422-4d91-b4ec-b493292fdfb5}</UUID>
      <VersionUUID>{6152f494-a5a9-49a2-9c2a-99e289719254}</VersionUUID>
      <Name>EndUses.DistrictCooling.Cooling.General</Name>
      <Source>OpenStudioPostProcess</Source>
      <ValueType>Double</ValueType>
      <Value>52.93</Value>
      <Units>GJ</Units>
    </Attribute>
    <Attribute>
      <UUID>{7b3d85e2-17b1-40dc-841b-a58dc1349fe9}</UUID>
      <VersionUUID>{ae4a6053-246e-4773-aab7-b22904628bd9}</VersionUUID>
      <Name>EndUses.DistrictHeating.Heating.General</Name>
      <Source>OpenStudioPostProcess</Source>
      <ValueType>Double</ValueType>
      <Value>136.66</Value>
      <Units>GJ</Units>
    </Attribute>
    <Attribute>
      <UUID>{6c1b3675-2e74-4262-9c70-bf691c0d770d}</UUID>
      <VersionUUID>{27aa0173-3c04-402e-965e-1339caecad7c}</VersionUUID>
      <Name>First Year Capital Costs</Name>
      <Source>OpenStudioPostProcess</Source>
      <ValueType>Double</ValueType>
      <Value>0</Value>
      <Units>$</Units>
    </Attribute>
    <Attribute>
      <UUID>{d21f83a2-daaa-4209-a0c8-63a876de343b}</UUID>
      <VersionUUID>{7a3f53e4-6f45-46fb-842c-a810b7c7f10d}</VersionUUID>
      <Name>Total Life Cycle Cost</Name>
      <Source>OpenStudioPostProcess</Source>
      <ValueType>Double</ValueType>
      <Value>0</Value>
      <Units>$</Units>
    </Attribute>
    <Attribute>
      <UUID>{48dee738-f3e0-43c2-a70b-5c4c719abcd3}</UUID>
      <VersionUUID>{71c20a5e-ed25-4955-b55f-dc8ce7ded9cd}</VersionUUID>
      <Name>floorArea</Name>
      <DisplayName>Floor Area</DisplayName>
      <Source>OpenStudioPostProcess</Source>
      <ValueType>Double</ValueType>
      <Value>3600</Value>
      <Units>m^2</Units>
    </Attribute>
    <Attribute>
      <UUID>{7ffcbb17-da67-4046-9637-26b4d2a2c0f2}</UUID>
      <VersionUUID>{bd51cda1-640f-4b0c-a6b1-2846e4171343}</VersionUUID>
      <Name>conditionedFloorArea</Name>
      <DisplayName>Conditioned Floor Area</DisplayName>
      <Source>OpenStudioPostProcess</Source>
      <ValueType>Double</ValueType>
      <Value>999.999999999999</Value>
      <Units>m^2</Units>
    </Attribute>
    <Attribute>
      <UUID>{a0532ad7-53d6-46c1-9bce-079c1dbd393b}</UUID>
      <VersionUUID>{2698298a-a5f2-41c1-a27e-f832bb65f6ce}</VersionUUID>
      <Name>EndUses</Name>
      <Source>OpenStudioPostProcess</Source>
      <ValueType>AttributeVector</ValueType>
      <Value>
        <Attribute>
          <UUID>{685f4187-fb64-4a2a-b9ae-323414ae45cb}</UUID>
          <VersionUUID>{3c2e43ff-5879-4f06-a232-d3deb85ddf6c}</VersionUUID>
          <Name>Electricity</Name>
          <ValueType>AttributeVector</ValueType>
          <Value>
            <Attribute>
              <UUID>{e2a849a6-d2d3-4f87-99eb-94fbed79f604}</UUID>
              <VersionUUID>{2ee2955c-929d-44d4-9123-2fc15c71ffd7}</VersionUUID>
              <Name>InteriorLights</Name>
              <ValueType>AttributeVector</ValueType>
              <Value>
                <Attribute>
                  <UUID>{a0196357-2084-4341-b024-a195cc4a517f}</UUID>
                  <VersionUUID>{80bd240a-af39-4cf0-adf3-a5206173e885}</VersionUUID>
                  <Name>General</Name>
                  <ValueType>Double</ValueType>
                  <Value>123.73</Value>
                  <Units>GJ</Units>
                </Attribute>
              </Value>
            </Attribute>
            <Attribute>
              <UUID>{13dafd46-cacf-4c37-9fe6-0278f0c88769}</UUID>
              <VersionUUID>{b75e1b7d-fa23-4499-8588-4242649321fb}</VersionUUID>
              <Name>InteriorEquipment</Name>
              <ValueType>AttributeVector</ValueType>
              <Value>
                <Attribute>
                  <UUID>{b7f1267c-f078-45f5-becb-3bb228c3e6f4}</UUID>
                  <VersionUUID>{4728cc1e-5f41-4ac9-ba7a-ef3814fe54d7}</VersionUUID>
                  <Name>General</Name>
                  <ValueType>Double</ValueType>
                  <Value>130.32</Value>
                  <Units>GJ</Units>
                </Attribute>
              </Value>
            </Attribute>
          </Value>
        </Attribute>
        <Attribute>
          <UUID>{0036b89b-ad07-4eda-8346-3bf8e7ac9abd}</UUID>
          <VersionUUID>{9e519c17-b8b5-42ce-bfac-a9c76c26546a}</VersionUUID>
          <Name>DistrictCooling</Name>
          <ValueType>AttributeVector</ValueType>
          <Value>
            <Attribute>
              <UUID>{9100cbcd-b9a3-45de-a65a-21cad08fa438}</UUID>
              <VersionUUID>{478aa992-440e-4f3c-b586-006558d1c8b5}</VersionUUID>
              <Name>Cooling</Name>
              <ValueType>AttributeVector</ValueType>
              <Value>
                <Attribute>
                  <UUID>{f3d9489a-60df-4f2a-b497-ecd5240ec582}</UUID>
                  <VersionUUID>{e269699c-89cc-4bc8-97be-2cb891b9a9b7}</VersionUUID>
                  <Name>General</Name>
                  <ValueType>Double</ValueType>
                  <Value>52.93</Value>
                  <Units>GJ</Units>
                </Attribute>
              </Value>
            </Attribute>
          </Value>
        </Attribute>
        <Attribute>
          <UUID>{a88db795-c34f-4593-91f6-d7d06a708a1c}</UUID>
          <VersionUUID>{ec8c2fe6-bb9b-4082-8b81-8f1e51b5dc57}</VersionUUID>
          <Name>DistrictHeating</Name>
          <ValueType>AttributeVector</ValueType>
          <Value>
            <Attribute>
              <UUID>{8fcffc61-eaa8-4e9c-b018-f374b06788a9}</UUID>
              <VersionUUID>{7522faac-0808-45ca-b60e-bb50467374aa}</VersionUUID>
              <Name>Heating</Name>
              <ValueType>AttributeVector</ValueType>
              <Value>
                <Attribute>
                  <UUID>{0f02d2ab-f3d3-4a66-a57d-1b90986ba3f1}</UUID>
                  <VersionUUID>{948376e7-8d9c-4bbc-9389-f317a5b47872}</VersionUUID>
                  <Name>General</Name>
                  <ValueType>Double</ValueType>
                  <Value>136.66</Value>
                  <Units>GJ</Units>
                </Attribute>
              </Value>
            </Attribute>
          </Value>
        </Attribute>
      </Value>
    </Attribute>
    <Attribute>
      <UUID>{e3311020-15db-4335-98bb-792116b10559}</UUID>
      <VersionUUID>{1f684a4c-fcac-4838-9370-177a875974ed}</VersionUUID>
      <Name>CalibrationResult</Name>
      <Source>OpenStudioPostProcess</Source>
      <ValueType>AttributeVector</ValueType>
      <Value>
        <Attribute>
          <UUID>{ac0d8a16-a277-4ec6-a39e-0be982576c48}</UUID>
          <VersionUUID>{e9c52ef4-03d2-4df3-8857-2572f640a894}</VersionUUID>
          <Name>utilityBills</Name>
          <ValueType>AttributeVector</ValueType>
          <Value/>
        </Attribute>
      </Value>
    </Attribute>
  </Value>
</Attribute>
