<Attribute>
  <UUID>{d174abb4-7ab4-413f-8ebc-01a2f9ccfdac}</UUID>
  <VersionUUID>{3626621d-a8b2-4c86-8824-56f32053a0d9}</VersionUUID>
  <Name>Report</Name>
  <ValueType>AttributeVector</ValueType>
  <Value>
    <Attribute>
      <UUID>{0b60eec2-1aa1-4dfe-a561-467a5ee50fde}</UUID>
      <VersionUUID>{f013eff2-d62b-47c3-b6b0-fdfb69da0a23}</VersionUUID>
      <Name>Total Site Energy</Name>
      <Source>OpenStudioPostProcess</Source>
      <ValueType>Double</ValueType>
      <Value>2353.49</Value>
      <Units>GJ</Units>
    </Attribute>
    <Attribute>
      <UUID>{5d181556-2b1d-4ddb-bf0c-0ea1782f5314}</UUID>
      <VersionUUID>{12af7dc1-7414-482f-8b65-add9523199f7}</VersionUUID>
      <Name>Net Site Energy</Name>
      <Source>OpenStudioPostProcess</Source>
      <ValueType>Double</ValueType>
      <Value>2353.49</Value>
      <Units>GJ</Units>
    </Attribute>
    <Attribute>
      <UUID>{6af3f68c-cafc-4899-beea-9afb5b63991f}</UUID>
      <VersionUUID>{ed46d853-e732-4d74-8f0f-fc444247feb1}</VersionUUID>
      <Name>Total Source Energy</Name>
      <Source>OpenStudioPostProcess</Source>
      <ValueType>Double</ValueType>
      <Value>5601.32</Value>
      <Units>GJ</Units>
    </Attribute>
    <Attribute>
      <UUID>{63b1dbc6-4c3e-4908-bfe9-f697c9e5e724}</UUID>
      <VersionUUID>{09818693-f500-47b0-887a-d6a256133ea3}</VersionUUID>
      <Name>Net Source Energy</Name>
      <Source>OpenStudioPostProcess</Source>
      <ValueType>Double</ValueType>
      <Value>5601.32</Value>
      <Units>GJ</Units>
    </Attribute>
    <Attribute>
      <UUID>{d6defdf7-0915-41d7-96ac-e7aad257e835}</UUID>
      <VersionUUID>{76662206-a99a-4659-9007-c18884e100c1}</VersionUUID>
      <Name>Net Site Energy Use Intensity</Name>
      <Source>OpenStudioPostProcess</Source>
      <ValueType>Double</ValueType>
      <Value>653.75</Value>
      <Units>MJ/m^2</Units>
    </Attribute>
    <Attribute>
      <UUID>{64d48053-a378-4f4a-90be-1dc9b594d730}</UUID>
      <VersionUUID>{759f5320-b3d5-4e8a-bd6f-3d54f3e3fad3}</VersionUUID>
      <Name>Instantaneous Peak Electricity Demand</Name>
      <Source>OpenStudioPostProcess</Source>
      <ValueType>Double</ValueType>
      <Value>81607.66</Value>
      <Units>kW</Units>
    </Attribute>
    <Attribute>
      <UUID>{ae65ffe8-972a-4c1f-914e-f47de81acf5a}</UUID>
      <VersionUUID>{e6216e0c-939c-4ddf-958d-2f2f0141cdbc}</VersionUUID>
      <Name>Electricity Total End Uses</Name>
      <Source>OpenStudioPostProcess</Source>
      <ValueType>Double</ValueType>
      <Value>1334.28</Value>
      <Units>GJ</Units>
    </Attribute>
    <Attribute>
      <UUID>{76086069-09b7-44e2-ab15-df9a62b5af90}</UUID>
      <VersionUUID>{8281e792-2c69-4472-a576-9e143ab02a21}</VersionUUID>
      <Name>Natural Gas Total End Uses</Name>
      <Source>OpenStudioPostProcess</Source>
      <ValueType>Double</ValueType>
      <Value>0</Value>
      <Units>GJ</Units>
    </Attribute>
    <Attribute>
      <UUID>{26a86d4b-ca82-4783-bb19-ed23ab151685}</UUID>
      <VersionUUID>{8cb16e7f-7654-4cdf-8b91-e78b240919d6}</VersionUUID>
      <Name>District Cooling Total End Uses</Name>
      <Source>OpenStudioPostProcess</Source>
      <ValueType>Double</ValueType>
      <Value>902.03</Value>
      <Units>GJ</Units>
    </Attribute>
    <Attribute>
      <UUID>{69695037-bc86-4616-9aac-6ed9dfcc0043}</UUID>
      <VersionUUID>{b94c03c2-2114-4039-b053-03de4cae65e1}</VersionUUID>
      <Name>District Heating Total End Uses</Name>
      <Source>OpenStudioPostProcess</Source>
      <ValueType>Double</ValueType>
      <Value>117.18</Value>
      <Units>GJ</Units>
    </Attribute>
    <Attribute>
      <UUID>{34270ecd-e917-4a45-88e6-94dfe9b838f7}</UUID>
      <VersionUUID>{7b455109-1e54-4a0b-9769-bbed1e0d2bcc}</VersionUUID>
      <Name>Other Fuel Total End Uses</Name>
      <Source>OpenStudioPostProcess</Source>
      <ValueType>Double</ValueType>
      <Value>0</Value>
      <Units>GJ</Units>
    </Attribute>
    <Attribute>
      <UUID>{14741557-2baa-4e21-8ce1-7eea2ac7eb71}</UUID>
      <VersionUUID>{a4c2f481-2c6e-41cc-922c-e976609575f3}</VersionUUID>
      <Name>EndUses.Electricity.InteriorLights.General</Name>
      <Source>OpenStudioPostProcess</Source>
      <ValueType>Double</ValueType>
      <Value>452.17</Value>
      <Units>GJ</Units>
    </Attribute>
    <Attribute>
      <UUID>{45219eb0-b577-4859-a79f-bebbf4c5f901}</UUID>
      <VersionUUID>{2cbbea96-083d-4196-a7db-944d2cc3d45e}</VersionUUID>
      <Name>EndUses.Electricity.InteriorEquipment.General</Name>
      <Source>OpenStudioPostProcess</Source>
      <ValueType>Double</ValueType>
      <Value>882.11</Value>
      <Units>GJ</Units>
    </Attribute>
    <Attribute>
      <UUID>{cb1e5312-4306-4f65-bde5-71b68b2516f8}</UUID>
      <VersionUUID>{b75eb832-4e98-4be3-a55b-6c46ee7891d9}</VersionUUID>
      <Name>EndUses.DistrictCooling.Cooling.General</Name>
      <Source>OpenStudioPostProcess</Source>
      <ValueType>Double</ValueType>
      <Value>902.03</Value>
      <Units>GJ</Units>
    </Attribute>
    <Attribute>
      <UUID>{ced366fa-16ae-43b6-8407-a551a5b7220c}</UUID>
      <VersionUUID>{95d94465-7e6c-4d0d-8c5e-d24f1d77e102}</VersionUUID>
      <Name>EndUses.DistrictHeating.Heating.General</Name>
      <Source>OpenStudioPostProcess</Source>
      <ValueType>Double</ValueType>
      <Value>117.18</Value>
      <Units>GJ</Units>
    </Attribute>
    <Attribute>
      <UUID>{fdfc8d10-abb8-468a-a5d0-eab1c1b6c3a7}</UUID>
      <VersionUUID>{97a82cca-4792-48d8-926b-7137248a3ade}</VersionUUID>
      <Name>First Year Capital Costs</Name>
      <Source>OpenStudioPostProcess</Source>
      <ValueType>Double</ValueType>
      <Value>0</Value>
      <Units>$</Units>
    </Attribute>
    <Attribute>
      <UUID>{e664b2da-cc17-49e0-86da-a4bbdb6cb8d0}</UUID>
      <VersionUUID>{6d1b73a9-affc-4367-b24d-07c9287c7223}</VersionUUID>
      <Name>Total Life Cycle Cost</Name>
      <Source>OpenStudioPostProcess</Source>
      <ValueType>Double</ValueType>
      <Value>0</Value>
      <Units>$</Units>
    </Attribute>
    <Attribute>
      <UUID>{7ac30cf1-ccae-4cfa-80a7-dd85f5c531eb}</UUID>
      <VersionUUID>{3771dd14-e9e1-492b-ace0-ce2ef6d28ec6}</VersionUUID>
      <Name>floorArea</Name>
      <DisplayName>Floor Area</DisplayName>
      <Source>OpenStudioPostProcess</Source>
      <ValueType>Double</ValueType>
      <Value>3600</Value>
      <Units>m^2</Units>
    </Attribute>
    <Attribute>
      <UUID>{e1d2987f-fe24-4f02-824c-f7f6b264538c}</UUID>
      <VersionUUID>{d8b6ca05-a3e9-44a5-9d06-575ffc84689e}</VersionUUID>
      <Name>conditionedFloorArea</Name>
      <DisplayName>Conditioned Floor Area</DisplayName>
      <Source>OpenStudioPostProcess</Source>
      <ValueType>Double</ValueType>
      <Value>3600</Value>
      <Units>m^2</Units>
    </Attribute>
    <Attribute>
      <UUID>{0e5f398c-0084-495e-8a64-2eb5c58011de}</UUID>
      <VersionUUID>{62f096a8-12fe-4338-b427-c9eb8219ded3}</VersionUUID>
      <Name>EndUses</Name>
      <Source>OpenStudioPostProcess</Source>
      <ValueType>AttributeVector</ValueType>
      <Value>
        <Attribute>
          <UUID>{6b8f8603-aded-4ec9-b661-f4b39ac4e374}</UUID>
          <VersionUUID>{d57ea9f8-1969-421f-8af9-51e25670fb64}</VersionUUID>
          <Name>Electricity</Name>
          <ValueType>AttributeVector</ValueType>
          <Value>
            <Attribute>
              <UUID>{58f58675-5097-432b-a5b8-cd474dc01342}</UUID>
              <VersionUUID>{f703b889-6523-41e5-840b-f3baf7f47e3a}</VersionUUID>
              <Name>InteriorLights</Name>
              <ValueType>AttributeVector</ValueType>
              <Value>
                <Attribute>
                  <UUID>{d7d50405-ccb1-42ba-aacf-aa302c58f4e8}</UUID>
                  <VersionUUID>{d23c44b9-e5af-4a68-8563-3ae203a80ae6}</VersionUUID>
                  <Name>General</Name>
                  <ValueType>Double</ValueType>
                  <Value>452.17</Value>
                  <Units>GJ</Units>
                </Attribute>
              </Value>
            </Attribute>
            <Attribute>
              <UUID>{c8636567-c67d-4055-bf6e-d1fc66b554e7}</UUID>
              <VersionUUID>{e6ee8fb1-19ee-4da9-9c4c-b43fb6f9a03a}</VersionUUID>
              <Name>InteriorEquipment</Name>
              <ValueType>AttributeVector</ValueType>
              <Value>
                <Attribute>
                  <UUID>{3bf9babd-69d2-4de1-be2e-7b6f332e1ba2}</UUID>
                  <VersionUUID>{f4b7771c-baa8-4479-bdeb-40dde10b7db3}</VersionUUID>
                  <Name>General</Name>
                  <ValueType>Double</ValueType>
                  <Value>882.11</Value>
                  <Units>GJ</Units>
                </Attribute>
              </Value>
            </Attribute>
          </Value>
        </Attribute>
        <Attribute>
          <UUID>{276ab735-ed8a-418b-94b1-d6cc466d301a}</UUID>
          <VersionUUID>{03dcf38b-fd06-431c-af99-aab315214852}</VersionUUID>
          <Name>DistrictCooling</Name>
          <ValueType>AttributeVector</ValueType>
          <Value>
            <Attribute>
              <UUID>{e56aa60b-e360-4e66-82f6-66f7bf0911e2}</UUID>
              <VersionUUID>{0e91f850-9b10-4dfa-a917-ea48f14a24da}</VersionUUID>
              <Name>Cooling</Name>
              <ValueType>AttributeVector</ValueType>
              <Value>
                <Attribute>
                  <UUID>{1f172abc-6ec5-4264-9261-b8a7081e019c}</UUID>
                  <VersionUUID>{92f088a2-9aa4-4ffb-8989-d025b7e907f2}</VersionUUID>
                  <Name>General</Name>
                  <ValueType>Double</ValueType>
                  <Value>902.03</Value>
                  <Units>GJ</Units>
                </Attribute>
              </Value>
            </Attribute>
          </Value>
        </Attribute>
        <Attribute>
          <UUID>{3fc097bc-4af8-4353-8384-f785f7430123}</UUID>
          <VersionUUID>{66ad1bd8-5062-40dc-ba6d-fa171a14ba6c}</VersionUUID>
          <Name>DistrictHeating</Name>
          <ValueType>AttributeVector</ValueType>
          <Value>
            <Attribute>
              <UUID>{028798b4-e9d9-4e87-a19d-4d4505a16149}</UUID>
              <VersionUUID>{02cf8fb6-7fd5-4689-b25d-69ac38c1511e}</VersionUUID>
              <Name>Heating</Name>
              <ValueType>AttributeVector</ValueType>
              <Value>
                <Attribute>
                  <UUID>{2013f0ec-b3cf-4fde-9186-02950861ecb8}</UUID>
                  <VersionUUID>{a6cb2410-d7fa-42f1-a8a7-509750f5811f}</VersionUUID>
                  <Name>General</Name>
                  <ValueType>Double</ValueType>
                  <Value>117.18</Value>
                  <Units>GJ</Units>
                </Attribute>
              </Value>
            </Attribute>
          </Value>
        </Attribute>
      </Value>
    </Attribute>
    <Attribute>
      <UUID>{e85fe716-df38-4709-8de3-3f75d2611645}</UUID>
      <VersionUUID>{28b1a15d-cba3-4e49-899a-978284436300}</VersionUUID>
      <Name>CalibrationResult</Name>
      <Source>OpenStudioPostProcess</Source>
      <ValueType>AttributeVector</ValueType>
      <Value>
        <Attribute>
          <UUID>{e94ec95f-edd2-4734-8abd-1d0d9897fc2a}</UUID>
          <VersionUUID>{96611891-3032-411d-a226-17d5cf253611}</VersionUUID>
          <Name>utilityBills</Name>
          <ValueType>AttributeVector</ValueType>
          <Value/>
        </Attribute>
      </Value>
    </Attribute>
  </Value>
</Attribute>
