<Attribute>
  <UUID>{4771d687-e85c-4a70-928e-879a81cd1cad}</UUID>
  <VersionUUID>{197d6dca-3959-4e3b-9b0c-5fd32944fe40}</VersionUUID>
  <Name>Report</Name>
  <ValueType>AttributeVector</ValueType>
  <Value>
    <Attribute>
      <UUID>{3d54f632-e94b-4244-a33e-98db8ef4c149}</UUID>
      <VersionUUID>{c7f2d145-e114-40c6-a4b8-866c19a1f750}</VersionUUID>
      <Name>Total Site Energy</Name>
      <Source>OpenStudioPostProcess</Source>
      <ValueType>Double</ValueType>
      <Value>2480.25</Value>
      <Units>GJ</Units>
    </Attribute>
    <Attribute>
      <UUID>{3cd1c3ad-0c08-4915-b8fd-c35b40c777ea}</UUID>
      <VersionUUID>{f274dc42-d5d3-41e9-b140-d7284b91da8b}</VersionUUID>
      <Name>Net Site Energy</Name>
      <Source>OpenStudioPostProcess</Source>
      <ValueType>Double</ValueType>
      <Value>2480.25</Value>
      <Units>GJ</Units>
    </Attribute>
    <Attribute>
      <UUID>{9f19e46f-c5b3-4b5b-8d71-9832cb0278ac}</UUID>
      <VersionUUID>{4cbd4849-94e5-4fb6-94c2-eda54276db34}</VersionUUID>
      <Name>Total Source Energy</Name>
      <Source>OpenStudioPostProcess</Source>
      <ValueType>Double</ValueType>
      <Value>6970.01</Value>
      <Units>GJ</Units>
    </Attribute>
    <Attribute>
      <UUID>{f617c1d1-0dbd-4fd7-b7b2-68703be89f47}</UUID>
      <VersionUUID>{03e2a658-1656-464f-9080-9f254c68601d}</VersionUUID>
      <Name>Net Source Energy</Name>
      <Source>OpenStudioPostProcess</Source>
      <ValueType>Double</ValueType>
      <Value>6970.01</Value>
      <Units>GJ</Units>
    </Attribute>
    <Attribute>
      <UUID>{e15fe917-5a77-4653-a505-3e1e83aaaf36}</UUID>
      <VersionUUID>{e05a6167-be67-45ee-8b89-c7fc927b914c}</VersionUUID>
      <Name>Net Site Energy Use Intensity</Name>
      <Source>OpenStudioPostProcess</Source>
      <ValueType>Double</ValueType>
      <Value>413.38</Value>
      <Units>MJ/m^2</Units>
    </Attribute>
    <Attribute>
      <UUID>{17f3b55e-caad-4e4b-9b8c-c6fd223b506d}</UUID>
      <VersionUUID>{508c66c2-15e9-4a7e-b0c6-fe0313230d94}</VersionUUID>
      <Name>Instantaneous Peak Electricity Demand</Name>
      <Source>OpenStudioPostProcess</Source>
      <ValueType>Double</ValueType>
      <Value>92070.18</Value>
      <Units>kW</Units>
    </Attribute>
    <Attribute>
      <UUID>{d4e5cd76-ab76-4ac9-974c-a03ad8a1ad97}</UUID>
      <VersionUUID>{bcb645ce-f1dd-48bc-8495-fce1ee7a3a4d}</VersionUUID>
      <Name>Electricity Total End Uses</Name>
      <Source>OpenStudioPostProcess</Source>
      <ValueType>Double</ValueType>
      <Value>1412.32</Value>
      <Units>GJ</Units>
    </Attribute>
    <Attribute>
      <UUID>{a5b7694b-d973-4a23-8dcb-29fb050d7608}</UUID>
      <VersionUUID>{2428a7e8-1857-4e79-ad88-72c1915cdd95}</VersionUUID>
      <Name>Natural Gas Total End Uses</Name>
      <Source>OpenStudioPostProcess</Source>
      <ValueType>Double</ValueType>
      <Value>0</Value>
      <Units>GJ</Units>
    </Attribute>
    <Attribute>
      <UUID>{9a5283bd-d152-4033-90f0-e2f92d565463}</UUID>
      <VersionUUID>{db7d6a8e-30ff-4eff-b077-d644e24e7042}</VersionUUID>
      <Name>District Cooling Total End Uses</Name>
      <Source>OpenStudioPostProcess</Source>
      <ValueType>Double</ValueType>
      <Value>532.36</Value>
      <Units>GJ</Units>
    </Attribute>
    <Attribute>
      <UUID>{9c533119-f5ae-4afe-90dd-254a8ce757f3}</UUID>
      <VersionUUID>{ac3dee04-299e-4a18-a8de-b21754857a4f}</VersionUUID>
      <Name>District Heating Total End Uses</Name>
      <Source>OpenStudioPostProcess</Source>
      <ValueType>Double</ValueType>
      <Value>535.57</Value>
      <Units>GJ</Units>
    </Attribute>
    <Attribute>
      <UUID>{f0c0cce6-ddc2-4a05-a09e-e2d9ff5d5a92}</UUID>
      <VersionUUID>{7e9805ec-103e-467a-8df1-40cb91110574}</VersionUUID>
      <Name>Other Fuel Total End Uses</Name>
      <Source>OpenStudioPostProcess</Source>
      <ValueType>Double</ValueType>
      <Value>0</Value>
      <Units>GJ</Units>
    </Attribute>
    <Attribute>
      <UUID>{e1597c27-cc27-4c62-96a5-2e0b9b377848}</UUID>
      <VersionUUID>{1114e15b-e587-42e0-9a60-689ab643825c}</VersionUUID>
      <Name>EndUses.Electricity.InteriorLights.General</Name>
      <Source>OpenStudioPostProcess</Source>
      <ValueType>Double</ValueType>
      <Value>708.62</Value>
      <Units>GJ</Units>
    </Attribute>
    <Attribute>
      <UUID>{49528da1-0e9c-4601-8f7e-41ff70cf2ebb}</UUID>
      <VersionUUID>{1232e8f5-5e83-4298-8520-193103ef72ad}</VersionUUID>
      <Name>EndUses.Electricity.InteriorEquipment.General</Name>
      <Source>OpenStudioPostProcess</Source>
      <ValueType>Double</ValueType>
      <Value>703.71</Value>
      <Units>GJ</Units>
    </Attribute>
    <Attribute>
      <UUID>{e45a3509-ca33-467b-b135-bde24e4e1da1}</UUID>
      <VersionUUID>{bdbafc51-bf53-4ea3-b923-f4ee53afe565}</VersionUUID>
      <Name>EndUses.DistrictCooling.Cooling.General</Name>
      <Source>OpenStudioPostProcess</Source>
      <ValueType>Double</ValueType>
      <Value>532.36</Value>
      <Units>GJ</Units>
    </Attribute>
    <Attribute>
      <UUID>{2514e5a0-371b-43a3-9e24-a43f01ff5f6b}</UUID>
      <VersionUUID>{e3cf3180-88a7-4252-a5bd-88f46387efed}</VersionUUID>
      <Name>EndUses.DistrictHeating.Heating.General</Name>
      <Source>OpenStudioPostProcess</Source>
      <ValueType>Double</ValueType>
      <Value>535.57</Value>
      <Units>GJ</Units>
    </Attribute>
    <Attribute>
      <UUID>{b8e2b0c8-75e3-4c7c-a341-bcebc86d4812}</UUID>
      <VersionUUID>{0a9af314-ad0c-428a-bb8a-608418e7b9e8}</VersionUUID>
      <Name>First Year Capital Costs</Name>
      <Source>OpenStudioPostProcess</Source>
      <ValueType>Double</ValueType>
      <Value>0</Value>
      <Units>$</Units>
    </Attribute>
    <Attribute>
      <UUID>{a0b19adc-895f-4dad-8075-3110917fc81c}</UUID>
      <VersionUUID>{943ea3f2-495a-42cb-9223-b217a12e1c1a}</VersionUUID>
      <Name>Total Life Cycle Cost</Name>
      <Source>OpenStudioPostProcess</Source>
      <ValueType>Double</ValueType>
      <Value>0</Value>
      <Units>$</Units>
    </Attribute>
    <Attribute>
      <UUID>{cb829587-97eb-44f2-8c71-8557cd62d665}</UUID>
      <VersionUUID>{bf410115-430c-4729-9952-8cba05620266}</VersionUUID>
      <Name>floorArea</Name>
      <DisplayName>Floor Area</DisplayName>
      <Source>OpenStudioPostProcess</Source>
      <ValueType>Double</ValueType>
      <Value>6000</Value>
      <Units>m^2</Units>
    </Attribute>
    <Attribute>
      <UUID>{e9ca374f-f095-44e6-a976-b652920fae03}</UUID>
      <VersionUUID>{cf0acc30-038a-4232-99ad-170e69d8a397}</VersionUUID>
      <Name>conditionedFloorArea</Name>
      <DisplayName>Conditioned Floor Area</DisplayName>
      <Source>OpenStudioPostProcess</Source>
      <ValueType>Double</ValueType>
      <Value>6000</Value>
      <Units>m^2</Units>
    </Attribute>
    <Attribute>
      <UUID>{33a1c602-560e-442b-9d75-3183d6cc28f2}</UUID>
      <VersionUUID>{20ec7aae-3982-483d-beec-ef54c6343f91}</VersionUUID>
      <Name>EndUses</Name>
      <Source>OpenStudioPostProcess</Source>
      <ValueType>AttributeVector</ValueType>
      <Value>
        <Attribute>
          <UUID>{5aeb9549-7013-4bb7-8e43-388a9ec0c680}</UUID>
          <VersionUUID>{e2892863-5b54-4f5f-8ca1-dccaa6628bf2}</VersionUUID>
          <Name>Electricity</Name>
          <ValueType>AttributeVector</ValueType>
          <Value>
            <Attribute>
              <UUID>{315d45f8-0371-47ab-a9b9-6c8e23a746d1}</UUID>
              <VersionUUID>{a1ef5839-5f45-4da2-a1ab-20ba19c941c8}</VersionUUID>
              <Name>InteriorLights</Name>
              <ValueType>AttributeVector</ValueType>
              <Value>
                <Attribute>
                  <UUID>{e1013527-7291-4d31-9368-6b0a614415d3}</UUID>
                  <VersionUUID>{3f2724f8-2a2e-469d-84c1-dd8c839356b6}</VersionUUID>
                  <Name>General</Name>
                  <ValueType>Double</ValueType>
                  <Value>708.62</Value>
                  <Units>GJ</Units>
                </Attribute>
              </Value>
            </Attribute>
            <Attribute>
              <UUID>{88d0706c-b9c2-4df6-b109-c173f42e2d32}</UUID>
              <VersionUUID>{ecf897e1-171c-4f75-8258-70f675efd86c}</VersionUUID>
              <Name>InteriorEquipment</Name>
              <ValueType>AttributeVector</ValueType>
              <Value>
                <Attribute>
                  <UUID>{68f8d364-28c5-4dab-96ea-a4802549ef78}</UUID>
                  <VersionUUID>{d136034e-5ff3-4368-9714-a37929be7752}</VersionUUID>
                  <Name>General</Name>
                  <ValueType>Double</ValueType>
                  <Value>703.71</Value>
                  <Units>GJ</Units>
                </Attribute>
              </Value>
            </Attribute>
          </Value>
        </Attribute>
        <Attribute>
          <UUID>{48a31b7a-e5d9-4aaf-809f-cb1c5c140a59}</UUID>
          <VersionUUID>{c89f3e47-9bbc-4b4c-979c-fb45dd4b6dfc}</VersionUUID>
          <Name>DistrictCooling</Name>
          <ValueType>AttributeVector</ValueType>
          <Value>
            <Attribute>
              <UUID>{da093a94-3a7a-4ac5-96b1-c81ae8e2135d}</UUID>
              <VersionUUID>{66a49bd7-181b-4653-8cc5-edb6bb2fd2de}</VersionUUID>
              <Name>Cooling</Name>
              <ValueType>AttributeVector</ValueType>
              <Value>
                <Attribute>
                  <UUID>{e1b0f8a9-bc7b-4f26-b25b-3fa062481fb5}</UUID>
                  <VersionUUID>{39afd694-6113-4002-b485-b3981585b791}</VersionUUID>
                  <Name>General</Name>
                  <ValueType>Double</ValueType>
                  <Value>532.36</Value>
                  <Units>GJ</Units>
                </Attribute>
              </Value>
            </Attribute>
          </Value>
        </Attribute>
        <Attribute>
          <UUID>{f5ee2302-4974-4b1c-9beb-a30afa81e312}</UUID>
          <VersionUUID>{a78a98f6-da95-4e2b-96d0-45a8caeeba06}</VersionUUID>
          <Name>DistrictHeating</Name>
          <ValueType>AttributeVector</ValueType>
          <Value>
            <Attribute>
              <UUID>{c5217cb5-67e2-4d2f-8bdd-777af4055167}</UUID>
              <VersionUUID>{e31d818b-bc4c-4284-b800-ada4c60116da}</VersionUUID>
              <Name>Heating</Name>
              <ValueType>AttributeVector</ValueType>
              <Value>
                <Attribute>
                  <UUID>{10d60dbe-b68b-4cb3-abe6-7f3e41ff05e5}</UUID>
                  <VersionUUID>{237488a1-a15d-41aa-9b47-4f80fe139515}</VersionUUID>
                  <Name>General</Name>
                  <ValueType>Double</ValueType>
                  <Value>535.57</Value>
                  <Units>GJ</Units>
                </Attribute>
              </Value>
            </Attribute>
          </Value>
        </Attribute>
      </Value>
    </Attribute>
    <Attribute>
      <UUID>{1f082c45-3f0d-4295-910d-0fe79045fe19}</UUID>
      <VersionUUID>{15b1910c-6bfd-41e6-a2bd-ee6019a25bfb}</VersionUUID>
      <Name>CalibrationResult</Name>
      <Source>OpenStudioPostProcess</Source>
      <ValueType>AttributeVector</ValueType>
      <Value>
        <Attribute>
          <UUID>{2068b1c9-b1d8-435a-b630-488cf3b29767}</UUID>
          <VersionUUID>{e0333485-2d27-4045-ba21-dd8bfd61c54c}</VersionUUID>
          <Name>utilityBills</Name>
          <ValueType>AttributeVector</ValueType>
          <Value/>
        </Attribute>
      </Value>
    </Attribute>
  </Value>
</Attribute>
