<Attribute>
  <UUID>{308fdc64-62b9-4743-b758-d0d649faa815}</UUID>
  <VersionUUID>{15e6f2dc-51d0-4512-9ab0-32b54d1af10f}</VersionUUID>
  <Name>Report</Name>
  <ValueType>AttributeVector</ValueType>
  <Value>
    <Attribute>
      <UUID>{73279d43-b687-4334-8c7a-20d941bb8b76}</UUID>
      <VersionUUID>{73522c43-69ef-4c7d-818c-c1689f00b426}</VersionUUID>
      <Name>Total Site Energy</Name>
      <Source>OpenStudioPostProcess</Source>
      <ValueType>Double</ValueType>
      <Value>12754.93</Value>
      <Units>GJ</Units>
    </Attribute>
    <Attribute>
      <UUID>{79cdfa24-03ab-4d14-94e9-06b8fa6909f5}</UUID>
      <VersionUUID>{3cb72670-32cc-4405-9248-462af2b72b37}</VersionUUID>
      <Name>Net Site Energy</Name>
      <Source>OpenStudioPostProcess</Source>
      <ValueType>Double</ValueType>
      <Value>12754.93</Value>
      <Units>GJ</Units>
    </Attribute>
    <Attribute>
      <UUID>{7c0a5bb1-01d8-43a4-a18f-597143bf0ad6}</UUID>
      <VersionUUID>{5dc3c0de-1b22-417d-89cf-133970e8e7bd}</VersionUUID>
      <Name>Total Source Energy</Name>
      <Source>OpenStudioPostProcess</Source>
      <ValueType>Double</ValueType>
      <Value>34232.35</Value>
      <Units>GJ</Units>
    </Attribute>
    <Attribute>
      <UUID>{c29d3acd-f9d1-4c7b-9532-6cef1fa075cc}</UUID>
      <VersionUUID>{ed4c6738-d584-4759-90eb-a8a1de209cd5}</VersionUUID>
      <Name>Net Source Energy</Name>
      <Source>OpenStudioPostProcess</Source>
      <ValueType>Double</ValueType>
      <Value>34232.35</Value>
      <Units>GJ</Units>
    </Attribute>
    <Attribute>
      <UUID>{47a2787d-24b4-43e3-b622-c424a4e3b1f3}</UUID>
      <VersionUUID>{f3e64479-a463-4ec1-a210-cd471c37cd47}</VersionUUID>
      <Name>Net Site Energy Use Intensity</Name>
      <Source>OpenStudioPostProcess</Source>
      <ValueType>Double</ValueType>
      <Value>392.46</Value>
      <Units>MJ/m^2</Units>
    </Attribute>
    <Attribute>
      <UUID>{39383477-eeca-42ba-86c7-f33e703dc659}</UUID>
      <VersionUUID>{1f209bc0-5e99-442e-9871-6daf799a2e57}</VersionUUID>
      <Name>Instantaneous Peak Electricity Demand</Name>
      <Source>OpenStudioPostProcess</Source>
      <ValueType>Double</ValueType>
      <Value>478926.74</Value>
      <Units>kW</Units>
    </Attribute>
    <Attribute>
      <UUID>{faaf0329-ae3e-46b9-9a20-098b4f859fba}</UUID>
      <VersionUUID>{af131927-cebf-42a7-9a24-c7f9b75dcbc4}</VersionUUID>
      <Name>Electricity Total End Uses</Name>
      <Source>OpenStudioPostProcess</Source>
      <ValueType>Double</ValueType>
      <Value>7268.61</Value>
      <Units>GJ</Units>
    </Attribute>
    <Attribute>
      <UUID>{2a975292-de8d-46fc-af28-c73692219d7e}</UUID>
      <VersionUUID>{cdf677ce-831a-4223-ab67-7a67dfbff54c}</VersionUUID>
      <Name>Natural Gas Total End Uses</Name>
      <Source>OpenStudioPostProcess</Source>
      <ValueType>Double</ValueType>
      <Value>0</Value>
      <Units>GJ</Units>
    </Attribute>
    <Attribute>
      <UUID>{31371495-1650-4521-addb-81f315c24042}</UUID>
      <VersionUUID>{8952498b-cc41-4643-95b6-37aec476e139}</VersionUUID>
      <Name>District Cooling Total End Uses</Name>
      <Source>OpenStudioPostProcess</Source>
      <ValueType>Double</ValueType>
      <Value>3366.83</Value>
      <Units>GJ</Units>
    </Attribute>
    <Attribute>
      <UUID>{4eb99ea4-14ec-45a4-a8dd-edabe6ebd4bc}</UUID>
      <VersionUUID>{5206ec2b-b121-4236-9177-20e8fd35bd9c}</VersionUUID>
      <Name>District Heating Total End Uses</Name>
      <Source>OpenStudioPostProcess</Source>
      <ValueType>Double</ValueType>
      <Value>2119.48</Value>
      <Units>GJ</Units>
    </Attribute>
    <Attribute>
      <UUID>{bb3ecee6-afc5-43c8-9aae-147e56992b7b}</UUID>
      <VersionUUID>{91b87ac3-ffaf-4294-8723-7d2de80f517a}</VersionUUID>
      <Name>Other Fuel Total End Uses</Name>
      <Source>OpenStudioPostProcess</Source>
      <ValueType>Double</ValueType>
      <Value>0</Value>
      <Units>GJ</Units>
    </Attribute>
    <Attribute>
      <UUID>{ddc82d2c-fada-42ac-8d08-232947c9051f}</UUID>
      <VersionUUID>{95edb1c0-4ee2-42ae-8f68-78c77db61546}</VersionUUID>
      <Name>EndUses.Electricity.InteriorLights.General</Name>
      <Source>OpenStudioPostProcess</Source>
      <ValueType>Double</ValueType>
      <Value>3852.41</Value>
      <Units>GJ</Units>
    </Attribute>
    <Attribute>
      <UUID>{fb9b72bb-f1a4-4098-8cda-8c143e2f24ba}</UUID>
      <VersionUUID>{afc7a886-81b2-4e07-8202-0ec408dd200c}</VersionUUID>
      <Name>EndUses.Electricity.InteriorEquipment.General</Name>
      <Source>OpenStudioPostProcess</Source>
      <ValueType>Double</ValueType>
      <Value>3416.21</Value>
      <Units>GJ</Units>
    </Attribute>
    <Attribute>
      <UUID>{a7f57ecc-391e-4ce9-9376-ea9f103086a0}</UUID>
      <VersionUUID>{0120960b-e5b7-423f-98f8-697a67e3c79a}</VersionUUID>
      <Name>EndUses.DistrictCooling.Cooling.General</Name>
      <Source>OpenStudioPostProcess</Source>
      <ValueType>Double</ValueType>
      <Value>3366.83</Value>
      <Units>GJ</Units>
    </Attribute>
    <Attribute>
      <UUID>{7984b085-3205-4c16-be7d-0b99627c30a5}</UUID>
      <VersionUUID>{4174d987-0a69-4450-9f38-2e00b4e60005}</VersionUUID>
      <Name>EndUses.DistrictHeating.Heating.General</Name>
      <Source>OpenStudioPostProcess</Source>
      <ValueType>Double</ValueType>
      <Value>2119.48</Value>
      <Units>GJ</Units>
    </Attribute>
    <Attribute>
      <UUID>{207b2143-7c22-4e98-86a1-ffb2e14046a8}</UUID>
      <VersionUUID>{4910fdb5-d9f2-4b92-8d1f-1004b236bb0e}</VersionUUID>
      <Name>First Year Capital Costs</Name>
      <Source>OpenStudioPostProcess</Source>
      <ValueType>Double</ValueType>
      <Value>0</Value>
      <Units>$</Units>
    </Attribute>
    <Attribute>
      <UUID>{ddb24329-7930-44d1-ad6c-79f17e99d670}</UUID>
      <VersionUUID>{8247fc65-98b1-44c9-893b-30f320245ced}</VersionUUID>
      <Name>Total Life Cycle Cost</Name>
      <Source>OpenStudioPostProcess</Source>
      <ValueType>Double</ValueType>
      <Value>0</Value>
      <Units>$</Units>
    </Attribute>
    <Attribute>
      <UUID>{457e856d-f4e5-42ca-b9cd-6e169685f08d}</UUID>
      <VersionUUID>{07360f8c-bfb6-4207-8e7e-4dec4849aed5}</VersionUUID>
      <Name>floorArea</Name>
      <DisplayName>Floor Area</DisplayName>
      <Source>OpenStudioPostProcess</Source>
      <ValueType>Double</ValueType>
      <Value>32500</Value>
      <Units>m^2</Units>
    </Attribute>
    <Attribute>
      <UUID>{2408eb14-ab5e-413d-8d39-465ad47ed2f8}</UUID>
      <VersionUUID>{815b01bc-5c06-40e2-b3f5-d442c787ead3}</VersionUUID>
      <Name>conditionedFloorArea</Name>
      <DisplayName>Conditioned Floor Area</DisplayName>
      <Source>OpenStudioPostProcess</Source>
      <ValueType>Double</ValueType>
      <Value>32500</Value>
      <Units>m^2</Units>
    </Attribute>
    <Attribute>
      <UUID>{72601436-35fd-433c-b56c-f0a1d19d624e}</UUID>
      <VersionUUID>{ade01927-445e-4c20-9ee3-b870342969b1}</VersionUUID>
      <Name>EndUses</Name>
      <Source>OpenStudioPostProcess</Source>
      <ValueType>AttributeVector</ValueType>
      <Value>
        <Attribute>
          <UUID>{ea7f3a5a-0658-4f81-acb9-e5df1a589968}</UUID>
          <VersionUUID>{7f62b530-7b61-40b9-aee2-0ddd4449aae9}</VersionUUID>
          <Name>Electricity</Name>
          <ValueType>AttributeVector</ValueType>
          <Value>
            <Attribute>
              <UUID>{8543c0cd-5e2d-4c57-8e8c-a09f36379fe1}</UUID>
              <VersionUUID>{7cbc7178-83e7-437b-b25f-85d2b150b51f}</VersionUUID>
              <Name>InteriorLights</Name>
              <ValueType>AttributeVector</ValueType>
              <Value>
                <Attribute>
                  <UUID>{b0577e2a-ce92-48c2-8a49-cdf0ae92b212}</UUID>
                  <VersionUUID>{0e3f3c28-fb3d-4c2c-a0a6-cdf4fa659ba2}</VersionUUID>
                  <Name>General</Name>
                  <ValueType>Double</ValueType>
                  <Value>3852.41</Value>
                  <Units>GJ</Units>
                </Attribute>
              </Value>
            </Attribute>
            <Attribute>
              <UUID>{8e7506a8-e6e2-4b78-8d8a-9e10fa44b45f}</UUID>
              <VersionUUID>{80d06ac9-4715-446d-b1b8-a110e593e653}</VersionUUID>
              <Name>InteriorEquipment</Name>
              <ValueType>AttributeVector</ValueType>
              <Value>
                <Attribute>
                  <UUID>{386cce67-a989-44ad-bbcc-1976111b4baf}</UUID>
                  <VersionUUID>{d2020610-a737-4616-8ec2-10447a0adbe7}</VersionUUID>
                  <Name>General</Name>
                  <ValueType>Double</ValueType>
                  <Value>3416.21</Value>
                  <Units>GJ</Units>
                </Attribute>
              </Value>
            </Attribute>
          </Value>
        </Attribute>
        <Attribute>
          <UUID>{a942b7b0-52c7-4a43-a7c7-4681341001a3}</UUID>
          <VersionUUID>{b59cca73-b5f8-4798-8fa1-32768a86b59e}</VersionUUID>
          <Name>DistrictCooling</Name>
          <ValueType>AttributeVector</ValueType>
          <Value>
            <Attribute>
              <UUID>{8ad30c96-fd71-4d28-a931-3845e8ed72ca}</UUID>
              <VersionUUID>{dcd590af-4720-412b-93d0-b69b2c8f0428}</VersionUUID>
              <Name>Cooling</Name>
              <ValueType>AttributeVector</ValueType>
              <Value>
                <Attribute>
                  <UUID>{d6c6d003-b6dd-4ccb-b243-b697f5ec3bca}</UUID>
                  <VersionUUID>{32e59fa9-8f64-4b95-830b-2f53b82deb56}</VersionUUID>
                  <Name>General</Name>
                  <ValueType>Double</ValueType>
                  <Value>3366.83</Value>
                  <Units>GJ</Units>
                </Attribute>
              </Value>
            </Attribute>
          </Value>
        </Attribute>
        <Attribute>
          <UUID>{976a038b-63a4-4764-a2d6-32d57fe26c13}</UUID>
          <VersionUUID>{6cd91c52-a080-460a-a0a3-d29d84715841}</VersionUUID>
          <Name>DistrictHeating</Name>
          <ValueType>AttributeVector</ValueType>
          <Value>
            <Attribute>
              <UUID>{7c71e0db-f029-4c6f-9ce2-9fed89207087}</UUID>
              <VersionUUID>{00d9ca5e-42fd-4011-85a8-07da93bf2761}</VersionUUID>
              <Name>Heating</Name>
              <ValueType>AttributeVector</ValueType>
              <Value>
                <Attribute>
                  <UUID>{a00562d4-1fea-4e16-89b6-c516381a44bd}</UUID>
                  <VersionUUID>{66b0014b-96b5-4e9e-80bf-3379f34099bb}</VersionUUID>
                  <Name>General</Name>
                  <ValueType>Double</ValueType>
                  <Value>2119.48</Value>
                  <Units>GJ</Units>
                </Attribute>
              </Value>
            </Attribute>
          </Value>
        </Attribute>
      </Value>
    </Attribute>
    <Attribute>
      <UUID>{d0b23f10-2834-4319-9fee-22e8d711644e}</UUID>
      <VersionUUID>{fd3f3e63-9d64-4ccc-b390-de92096c2a1b}</VersionUUID>
      <Name>CalibrationResult</Name>
      <Source>OpenStudioPostProcess</Source>
      <ValueType>AttributeVector</ValueType>
      <Value>
        <Attribute>
          <UUID>{5f00ae98-25f9-4b20-86de-4688cccd2351}</UUID>
          <VersionUUID>{b658a612-9884-45c2-92d1-2d3ab81fc8f9}</VersionUUID>
          <Name>utilityBills</Name>
          <ValueType>AttributeVector</ValueType>
          <Value/>
        </Attribute>
      </Value>
    </Attribute>
  </Value>
</Attribute>
