<Attribute>
  <UUID>{992047c9-e6ca-4c72-9569-f0a2f8c0c07a}</UUID>
  <VersionUUID>{16c4abba-6168-499c-a8b1-208b33611db2}</VersionUUID>
  <Name>Report</Name>
  <ValueType>AttributeVector</ValueType>
  <Value>
    <Attribute>
      <UUID>{330929dd-60a5-4b19-a6d6-726baef763a6}</UUID>
      <VersionUUID>{826fa23c-b328-4d90-a2e4-ba886779d854}</VersionUUID>
      <Name>Total Site Energy</Name>
      <Source>OpenStudioPostProcess</Source>
      <ValueType>Double</ValueType>
      <Value>2448.27</Value>
      <Units>GJ</Units>
    </Attribute>
    <Attribute>
      <UUID>{a732b20f-f69d-43d9-86cd-77dd7a42852f}</UUID>
      <VersionUUID>{ce62b78f-6b96-4c86-ad35-9e5d2e59bfba}</VersionUUID>
      <Name>Net Site Energy</Name>
      <Source>OpenStudioPostProcess</Source>
      <ValueType>Double</ValueType>
      <Value>2448.27</Value>
      <Units>GJ</Units>
    </Attribute>
    <Attribute>
      <UUID>{0a8ebf45-a385-4367-b1d9-451f4c510ae3}</UUID>
      <VersionUUID>{eaf3a162-d35b-4f1f-a571-7422500e6bea}</VersionUUID>
      <Name>Total Source Energy</Name>
      <Source>OpenStudioPostProcess</Source>
      <ValueType>Double</ValueType>
      <Value>6869.02</Value>
      <Units>GJ</Units>
    </Attribute>
    <Attribute>
      <UUID>{8a773145-f34b-4496-95ee-980521cddbc8}</UUID>
      <VersionUUID>{4fdc96a0-0b21-4af5-90a7-674311a29c5f}</VersionUUID>
      <Name>Net Source Energy</Name>
      <Source>OpenStudioPostProcess</Source>
      <ValueType>Double</ValueType>
      <Value>6869.02</Value>
      <Units>GJ</Units>
    </Attribute>
    <Attribute>
      <UUID>{42a8abed-fe11-4b61-9815-caa697e2ed34}</UUID>
      <VersionUUID>{05f5a684-8ecf-49bf-98b6-1658ceaa29a0}</VersionUUID>
      <Name>Net Site Energy Use Intensity</Name>
      <Source>OpenStudioPostProcess</Source>
      <ValueType>Double</ValueType>
      <Value>408.04</Value>
      <Units>MJ/m^2</Units>
    </Attribute>
    <Attribute>
      <UUID>{abd2f4af-273d-4369-884d-794886a0b659}</UUID>
      <VersionUUID>{5ed9a2f9-40e0-4442-8e72-181cd4a83889}</VersionUUID>
      <Name>Instantaneous Peak Electricity Demand</Name>
      <Source>OpenStudioPostProcess</Source>
      <ValueType>Double</ValueType>
      <Value>92070.18</Value>
      <Units>kW</Units>
    </Attribute>
    <Attribute>
      <UUID>{b303484a-3287-41d6-abce-add85b6e9b32}</UUID>
      <VersionUUID>{9bf63cbb-afd5-48bf-911f-ee577a139810}</VersionUUID>
      <Name>Electricity Total End Uses</Name>
      <Source>OpenStudioPostProcess</Source>
      <ValueType>Double</ValueType>
      <Value>1412.32</Value>
      <Units>GJ</Units>
    </Attribute>
    <Attribute>
      <UUID>{915b4eab-7a88-4f44-a56b-62872d49e3d9}</UUID>
      <VersionUUID>{6a542452-2304-4d21-ae2a-b990837db7ba}</VersionUUID>
      <Name>Natural Gas Total End Uses</Name>
      <Source>OpenStudioPostProcess</Source>
      <ValueType>Double</ValueType>
      <Value>0</Value>
      <Units>GJ</Units>
    </Attribute>
    <Attribute>
      <UUID>{91217dfb-ddf5-43bb-955c-c8e99429419c}</UUID>
      <VersionUUID>{9e33b282-1c51-4a12-814b-e9e8f81ca898}</VersionUUID>
      <Name>District Cooling Total End Uses</Name>
      <Source>OpenStudioPostProcess</Source>
      <ValueType>Double</ValueType>
      <Value>526.66</Value>
      <Units>GJ</Units>
    </Attribute>
    <Attribute>
      <UUID>{8daa5557-f377-40fd-8619-6642a0fb5f84}</UUID>
      <VersionUUID>{059ff3e2-ebed-4c40-b49f-bca7ac650a08}</VersionUUID>
      <Name>District Heating Total End Uses</Name>
      <Source>OpenStudioPostProcess</Source>
      <ValueType>Double</ValueType>
      <Value>509.29</Value>
      <Units>GJ</Units>
    </Attribute>
    <Attribute>
      <UUID>{0b0bc9d8-cfcd-4deb-99f3-b5fcf7563496}</UUID>
      <VersionUUID>{c44fee9f-cfba-412f-bbbf-8830e1594e1f}</VersionUUID>
      <Name>Other Fuel Total End Uses</Name>
      <Source>OpenStudioPostProcess</Source>
      <ValueType>Double</ValueType>
      <Value>0</Value>
      <Units>GJ</Units>
    </Attribute>
    <Attribute>
      <UUID>{6d96d6a7-15dc-44db-8651-a608ff79aeee}</UUID>
      <VersionUUID>{144aa445-8926-4690-be4b-098db4ee65e4}</VersionUUID>
      <Name>EndUses.Electricity.InteriorLights.General</Name>
      <Source>OpenStudioPostProcess</Source>
      <ValueType>Double</ValueType>
      <Value>708.62</Value>
      <Units>GJ</Units>
    </Attribute>
    <Attribute>
      <UUID>{50237797-3da1-4ec8-895d-55b8aba22be6}</UUID>
      <VersionUUID>{8bc59b29-5089-4bea-8a03-ab4e0c1771fe}</VersionUUID>
      <Name>EndUses.Electricity.InteriorEquipment.General</Name>
      <Source>OpenStudioPostProcess</Source>
      <ValueType>Double</ValueType>
      <Value>703.71</Value>
      <Units>GJ</Units>
    </Attribute>
    <Attribute>
      <UUID>{a52debb9-ca4b-4e09-9be7-915cbeec56b8}</UUID>
      <VersionUUID>{27dd90ff-3311-4321-be83-8e184f40e411}</VersionUUID>
      <Name>EndUses.DistrictCooling.Cooling.General</Name>
      <Source>OpenStudioPostProcess</Source>
      <ValueType>Double</ValueType>
      <Value>526.66</Value>
      <Units>GJ</Units>
    </Attribute>
    <Attribute>
      <UUID>{e4d0974b-65db-4fe2-9af7-837477ebdf95}</UUID>
      <VersionUUID>{d952519b-e8c0-4a1a-9158-5f1050a90625}</VersionUUID>
      <Name>EndUses.DistrictHeating.Heating.General</Name>
      <Source>OpenStudioPostProcess</Source>
      <ValueType>Double</ValueType>
      <Value>509.29</Value>
      <Units>GJ</Units>
    </Attribute>
    <Attribute>
      <UUID>{4aa69f3e-8aec-4560-ab5c-0af66bf85bc8}</UUID>
      <VersionUUID>{201e38a9-0931-40fd-9566-51636acc9fd4}</VersionUUID>
      <Name>First Year Capital Costs</Name>
      <Source>OpenStudioPostProcess</Source>
      <ValueType>Double</ValueType>
      <Value>0</Value>
      <Units>$</Units>
    </Attribute>
    <Attribute>
      <UUID>{7a53e9ac-d28e-4cb0-8f7d-02006173cb98}</UUID>
      <VersionUUID>{b941bbdb-107b-4b01-b8b8-fe4d4e375e99}</VersionUUID>
      <Name>Total Life Cycle Cost</Name>
      <Source>OpenStudioPostProcess</Source>
      <ValueType>Double</ValueType>
      <Value>0</Value>
      <Units>$</Units>
    </Attribute>
    <Attribute>
      <UUID>{96024c77-0800-400f-9bb5-8bad02ac7f3f}</UUID>
      <VersionUUID>{cc4114b5-1909-43f7-b067-1addeaf2a012}</VersionUUID>
      <Name>floorArea</Name>
      <DisplayName>Floor Area</DisplayName>
      <Source>OpenStudioPostProcess</Source>
      <ValueType>Double</ValueType>
      <Value>6000</Value>
      <Units>m^2</Units>
    </Attribute>
    <Attribute>
      <UUID>{cd6c072d-39be-4fcf-a3b6-8cea7241e6c3}</UUID>
      <VersionUUID>{f50d2db8-a27c-43d7-a7be-66bf5b0d81b6}</VersionUUID>
      <Name>conditionedFloorArea</Name>
      <DisplayName>Conditioned Floor Area</DisplayName>
      <Source>OpenStudioPostProcess</Source>
      <ValueType>Double</ValueType>
      <Value>6000</Value>
      <Units>m^2</Units>
    </Attribute>
    <Attribute>
      <UUID>{4273f17e-f14f-4468-87b3-2e2a40c6da8d}</UUID>
      <VersionUUID>{3754052e-2be8-4328-9c13-8d97a657c1f6}</VersionUUID>
      <Name>EndUses</Name>
      <Source>OpenStudioPostProcess</Source>
      <ValueType>AttributeVector</ValueType>
      <Value>
        <Attribute>
          <UUID>{907a9d98-6cf7-4abf-82f1-141da39bf136}</UUID>
          <VersionUUID>{c25e6772-2077-4468-9f1a-80fbd4e7b0c8}</VersionUUID>
          <Name>Electricity</Name>
          <ValueType>AttributeVector</ValueType>
          <Value>
            <Attribute>
              <UUID>{e00d6872-31a6-4108-8ac6-830494515ad2}</UUID>
              <VersionUUID>{b06a2b84-4c98-4059-a2c7-8838c818d645}</VersionUUID>
              <Name>InteriorLights</Name>
              <ValueType>AttributeVector</ValueType>
              <Value>
                <Attribute>
                  <UUID>{33728f3a-d714-4f17-9c7c-ade1946676e5}</UUID>
                  <VersionUUID>{e7a851cd-5517-4a44-98cd-7a204d67212c}</VersionUUID>
                  <Name>General</Name>
                  <ValueType>Double</ValueType>
                  <Value>708.62</Value>
                  <Units>GJ</Units>
                </Attribute>
              </Value>
            </Attribute>
            <Attribute>
              <UUID>{f095707d-79c6-46a5-bbf0-fe8220cf175e}</UUID>
              <VersionUUID>{074971c7-9dd4-4b10-aa03-e4946f8cba63}</VersionUUID>
              <Name>InteriorEquipment</Name>
              <ValueType>AttributeVector</ValueType>
              <Value>
                <Attribute>
                  <UUID>{1a6909b1-fb1f-4414-b50c-345a58c81e7d}</UUID>
                  <VersionUUID>{29ee8c22-ec49-4c0e-b2e1-719d1fc6577d}</VersionUUID>
                  <Name>General</Name>
                  <ValueType>Double</ValueType>
                  <Value>703.71</Value>
                  <Units>GJ</Units>
                </Attribute>
              </Value>
            </Attribute>
          </Value>
        </Attribute>
        <Attribute>
          <UUID>{0210014f-2c68-4a85-a509-b5debb4c8419}</UUID>
          <VersionUUID>{10c6bf10-6f4f-4191-b02e-4b531f59eefe}</VersionUUID>
          <Name>DistrictCooling</Name>
          <ValueType>AttributeVector</ValueType>
          <Value>
            <Attribute>
              <UUID>{2c0dd42f-e7ae-4551-afac-70d2dbf1ef66}</UUID>
              <VersionUUID>{15b72f72-29e0-40ab-8b50-7e59d837c120}</VersionUUID>
              <Name>Cooling</Name>
              <ValueType>AttributeVector</ValueType>
              <Value>
                <Attribute>
                  <UUID>{28f6a302-0119-4e8f-b68e-02e8e7c1f448}</UUID>
                  <VersionUUID>{6be02cfc-4372-49f5-9829-8559860547ee}</VersionUUID>
                  <Name>General</Name>
                  <ValueType>Double</ValueType>
                  <Value>526.66</Value>
                  <Units>GJ</Units>
                </Attribute>
              </Value>
            </Attribute>
          </Value>
        </Attribute>
        <Attribute>
          <UUID>{67cfaec5-d286-41e0-937c-ad71b18dba79}</UUID>
          <VersionUUID>{11c927c2-4582-4ec5-8bb1-e25476c9e4fb}</VersionUUID>
          <Name>DistrictHeating</Name>
          <ValueType>AttributeVector</ValueType>
          <Value>
            <Attribute>
              <UUID>{04958e0f-c769-47fd-861e-dc57a4db4d77}</UUID>
              <VersionUUID>{c9fed6e3-7039-4a88-ad1c-7b20147eec29}</VersionUUID>
              <Name>Heating</Name>
              <ValueType>AttributeVector</ValueType>
              <Value>
                <Attribute>
                  <UUID>{a20dc8ff-fdfa-44b3-9fb4-563577588e71}</UUID>
                  <VersionUUID>{fb9a2771-68e2-41da-81f5-59500fb83960}</VersionUUID>
                  <Name>General</Name>
                  <ValueType>Double</ValueType>
                  <Value>509.29</Value>
                  <Units>GJ</Units>
                </Attribute>
              </Value>
            </Attribute>
          </Value>
        </Attribute>
      </Value>
    </Attribute>
    <Attribute>
      <UUID>{a832d667-d492-422a-822b-ca072dc9e133}</UUID>
      <VersionUUID>{27522901-51fd-4dce-a50f-e82472823765}</VersionUUID>
      <Name>CalibrationResult</Name>
      <Source>OpenStudioPostProcess</Source>
      <ValueType>AttributeVector</ValueType>
      <Value>
        <Attribute>
          <UUID>{0128950c-9e5f-4ff2-9932-b2d0320a061f}</UUID>
          <VersionUUID>{b1ef1f10-347a-425d-9fcf-cb5c0a4f6c36}</VersionUUID>
          <Name>utilityBills</Name>
          <ValueType>AttributeVector</ValueType>
          <Value/>
        </Attribute>
      </Value>
    </Attribute>
  </Value>
</Attribute>
