<Attribute>
  <UUID>{09fcf6ee-0685-4a9c-8823-1894cbf313e8}</UUID>
  <VersionUUID>{211b1bc3-56c0-4e41-aea8-ef39d9b24d7e}</VersionUUID>
  <Name>Report</Name>
  <ValueType>AttributeVector</ValueType>
  <Value>
    <Attribute>
      <UUID>{e1e45eb6-17a9-46c2-98e4-02f2e7717038}</UUID>
      <VersionUUID>{115d8f2c-ed3d-4fbd-96c4-77be38d8e7fe}</VersionUUID>
      <Name>Total Site Energy</Name>
      <Source>OpenStudioPostProcess</Source>
      <ValueType>Double</ValueType>
      <Value>442.4</Value>
      <Units>GJ</Units>
    </Attribute>
    <Attribute>
      <UUID>{f9824339-c4c7-4656-ba11-041fce5d19ad}</UUID>
      <VersionUUID>{b28fc49e-754e-4718-a842-d14ae1f8bdc7}</VersionUUID>
      <Name>Net Site Energy</Name>
      <Source>OpenStudioPostProcess</Source>
      <ValueType>Double</ValueType>
      <Value>442.4</Value>
      <Units>GJ</Units>
    </Attribute>
    <Attribute>
      <UUID>{e8a118a3-f7d7-410d-88c4-7510b8049d34}</UUID>
      <VersionUUID>{2bf30260-b31b-4a70-8ab9-44b602edea94}</VersionUUID>
      <Name>Total Source Energy</Name>
      <Source>OpenStudioPostProcess</Source>
      <ValueType>Double</ValueType>
      <Value>1351.49</Value>
      <Units>GJ</Units>
    </Attribute>
    <Attribute>
      <UUID>{86ac3dc4-4fc0-4515-860f-b15a412c5d23}</UUID>
      <VersionUUID>{2573ab91-9d16-4df9-bb1c-c9428ccfe4f5}</VersionUUID>
      <Name>Net Source Energy</Name>
      <Source>OpenStudioPostProcess</Source>
      <ValueType>Double</ValueType>
      <Value>1351.49</Value>
      <Units>GJ</Units>
    </Attribute>
    <Attribute>
      <UUID>{5950cb1e-5cbf-4b1b-bab4-45590ab1808f}</UUID>
      <VersionUUID>{0de00a33-abc8-4be5-a229-bc116089fcc7}</VersionUUID>
      <Name>Net Site Energy Use Intensity</Name>
      <Source>OpenStudioPostProcess</Source>
      <ValueType>Double</ValueType>
      <Value>442.4</Value>
      <Units>MJ/m^2</Units>
    </Attribute>
    <Attribute>
      <UUID>{b9140544-cbc0-4e22-99d5-d3a481797bc1}</UUID>
      <VersionUUID>{c8f28d88-e28b-4b39-82f1-0396ffea059b}</VersionUUID>
      <Name>Instantaneous Peak Electricity Demand</Name>
      <Source>OpenStudioPostProcess</Source>
      <ValueType>Double</ValueType>
      <Value>16468.78</Value>
      <Units>kW</Units>
    </Attribute>
    <Attribute>
      <UUID>{6fa571ee-c3d9-4b4a-8def-79fcf3f9bbf3}</UUID>
      <VersionUUID>{16a70be0-dbea-4489-9461-5cdfda853b16}</VersionUUID>
      <Name>Electricity Total End Uses</Name>
      <Source>OpenStudioPostProcess</Source>
      <ValueType>Double</ValueType>
      <Value>254.04</Value>
      <Units>GJ</Units>
    </Attribute>
    <Attribute>
      <UUID>{58a19fee-8367-42e5-9609-d7b13ac375f3}</UUID>
      <VersionUUID>{18ffc7c4-f84c-4edf-b21a-5bac0f34cffd}</VersionUUID>
      <Name>Natural Gas Total End Uses</Name>
      <Source>OpenStudioPostProcess</Source>
      <ValueType>Double</ValueType>
      <Value>0</Value>
      <Units>GJ</Units>
    </Attribute>
    <Attribute>
      <UUID>{4ec7232e-a5ad-4c3a-93e0-91864aeabcc0}</UUID>
      <VersionUUID>{6ae0c92d-0804-44b7-907e-d159ca83bfe0}</VersionUUID>
      <Name>District Cooling Total End Uses</Name>
      <Source>OpenStudioPostProcess</Source>
      <ValueType>Double</ValueType>
      <Value>52.26</Value>
      <Units>GJ</Units>
    </Attribute>
    <Attribute>
      <UUID>{aa155d97-80ab-4910-9b16-fc79c08a422f}</UUID>
      <VersionUUID>{b8b7d7c8-1fae-4c9d-a44c-f9fff023fdd7}</VersionUUID>
      <Name>District Heating Total End Uses</Name>
      <Source>OpenStudioPostProcess</Source>
      <ValueType>Double</ValueType>
      <Value>136.1</Value>
      <Units>GJ</Units>
    </Attribute>
    <Attribute>
      <UUID>{1b4e5b7c-01ab-46c3-8de1-81470b7269f4}</UUID>
      <VersionUUID>{b9a7c5eb-22d9-45ac-add5-2d72144d81ff}</VersionUUID>
      <Name>Other Fuel Total End Uses</Name>
      <Source>OpenStudioPostProcess</Source>
      <ValueType>Double</ValueType>
      <Value>0</Value>
      <Units>GJ</Units>
    </Attribute>
    <Attribute>
      <UUID>{783fd04f-92bd-4638-b789-66104242dbef}</UUID>
      <VersionUUID>{a5e0f8d6-d919-424c-b574-f60e7b2c496a}</VersionUUID>
      <Name>EndUses.Electricity.InteriorLights.General</Name>
      <Source>OpenStudioPostProcess</Source>
      <ValueType>Double</ValueType>
      <Value>123.73</Value>
      <Units>GJ</Units>
    </Attribute>
    <Attribute>
      <UUID>{4f410a81-6a68-4a16-a050-f46498078547}</UUID>
      <VersionUUID>{efd183cc-6119-4117-905b-4c52aa55ca59}</VersionUUID>
      <Name>EndUses.Electricity.InteriorEquipment.General</Name>
      <Source>OpenStudioPostProcess</Source>
      <ValueType>Double</ValueType>
      <Value>130.32</Value>
      <Units>GJ</Units>
    </Attribute>
    <Attribute>
      <UUID>{83dc9fd8-ed1d-430c-9d18-359c4b2db561}</UUID>
      <VersionUUID>{dd43674a-d2f3-4dcf-851a-abbb0ae66da4}</VersionUUID>
      <Name>EndUses.DistrictCooling.Cooling.General</Name>
      <Source>OpenStudioPostProcess</Source>
      <ValueType>Double</ValueType>
      <Value>52.26</Value>
      <Units>GJ</Units>
    </Attribute>
    <Attribute>
      <UUID>{0c826da3-8b91-40f0-95d7-56001006dc66}</UUID>
      <VersionUUID>{445ec46c-6c05-443d-bcca-a0510d2b8829}</VersionUUID>
      <Name>EndUses.DistrictHeating.Heating.General</Name>
      <Source>OpenStudioPostProcess</Source>
      <ValueType>Double</ValueType>
      <Value>136.1</Value>
      <Units>GJ</Units>
    </Attribute>
    <Attribute>
      <UUID>{2b7b6202-9ea8-4391-a62e-cc63a13b849a}</UUID>
      <VersionUUID>{2767fdfd-060c-4fcd-a517-452f05fba40b}</VersionUUID>
      <Name>First Year Capital Costs</Name>
      <Source>OpenStudioPostProcess</Source>
      <ValueType>Double</ValueType>
      <Value>0</Value>
      <Units>$</Units>
    </Attribute>
    <Attribute>
      <UUID>{0b1f0cde-da3f-4380-8cc9-daa7891d1ee6}</UUID>
      <VersionUUID>{421d965e-b2a3-4a42-a6ef-f122ed82156e}</VersionUUID>
      <Name>Total Life Cycle Cost</Name>
      <Source>OpenStudioPostProcess</Source>
      <ValueType>Double</ValueType>
      <Value>0</Value>
      <Units>$</Units>
    </Attribute>
    <Attribute>
      <UUID>{666bebdf-ddde-49c4-9138-70cf248210ad}</UUID>
      <VersionUUID>{8e6a38e8-b64a-4327-a080-e95cf50a7306}</VersionUUID>
      <Name>floorArea</Name>
      <DisplayName>Floor Area</DisplayName>
      <Source>OpenStudioPostProcess</Source>
      <ValueType>Double</ValueType>
      <Value>3600</Value>
      <Units>m^2</Units>
    </Attribute>
    <Attribute>
      <UUID>{17aa2488-c2d8-4e2d-8186-164d56e320d4}</UUID>
      <VersionUUID>{8b76dbc0-286b-4abc-89bd-a30f47392875}</VersionUUID>
      <Name>conditionedFloorArea</Name>
      <DisplayName>Conditioned Floor Area</DisplayName>
      <Source>OpenStudioPostProcess</Source>
      <ValueType>Double</ValueType>
      <Value>1000</Value>
      <Units>m^2</Units>
    </Attribute>
    <Attribute>
      <UUID>{350e008f-84df-46a9-9f6d-2fa651f87e1c}</UUID>
      <VersionUUID>{c721ca13-66b1-4efe-b3f5-6d941b602585}</VersionUUID>
      <Name>EndUses</Name>
      <Source>OpenStudioPostProcess</Source>
      <ValueType>AttributeVector</ValueType>
      <Value>
        <Attribute>
          <UUID>{fc9b2e04-13c8-4b2b-bf09-99e9c75aca10}</UUID>
          <VersionUUID>{c58b4059-76aa-40f9-82b4-e2dbed4e2e85}</VersionUUID>
          <Name>Electricity</Name>
          <ValueType>AttributeVector</ValueType>
          <Value>
            <Attribute>
              <UUID>{fbdbca33-6b7f-4362-af9b-2918d0c57a46}</UUID>
              <VersionUUID>{84bd9810-506a-443d-b7a5-dfb4c92c62f6}</VersionUUID>
              <Name>InteriorLights</Name>
              <ValueType>AttributeVector</ValueType>
              <Value>
                <Attribute>
                  <UUID>{2beef5af-ba1e-4277-a693-ec155952855c}</UUID>
                  <VersionUUID>{bb47c154-5d6b-4e50-867a-bccd688f9daf}</VersionUUID>
                  <Name>General</Name>
                  <ValueType>Double</ValueType>
                  <Value>123.73</Value>
                  <Units>GJ</Units>
                </Attribute>
              </Value>
            </Attribute>
            <Attribute>
              <UUID>{f1269b55-7daa-4368-8822-ce06e635d622}</UUID>
              <VersionUUID>{0eb74313-d8d0-44b3-b509-0997d7c06d96}</VersionUUID>
              <Name>InteriorEquipment</Name>
              <ValueType>AttributeVector</ValueType>
              <Value>
                <Attribute>
                  <UUID>{7097e546-22ff-4c38-a867-b427bd48c51a}</UUID>
                  <VersionUUID>{0e34f9b4-b13a-48d3-bcc1-ef8e2b6702ed}</VersionUUID>
                  <Name>General</Name>
                  <ValueType>Double</ValueType>
                  <Value>130.32</Value>
                  <Units>GJ</Units>
                </Attribute>
              </Value>
            </Attribute>
          </Value>
        </Attribute>
        <Attribute>
          <UUID>{d33dd123-bcfd-4270-818e-e38c0c60dbbc}</UUID>
          <VersionUUID>{64acc82a-40e6-4db7-ad61-ef050d0406c3}</VersionUUID>
          <Name>DistrictCooling</Name>
          <ValueType>AttributeVector</ValueType>
          <Value>
            <Attribute>
              <UUID>{d2ae9dda-523c-4e2a-9089-ae0673cdf3dd}</UUID>
              <VersionUUID>{61277a2a-e764-4d84-9477-65368397c010}</VersionUUID>
              <Name>Cooling</Name>
              <ValueType>AttributeVector</ValueType>
              <Value>
                <Attribute>
                  <UUID>{a4171c01-f393-4fad-be98-d54b5b228be0}</UUID>
                  <VersionUUID>{beb27bfa-8798-4585-97c6-b40362275239}</VersionUUID>
                  <Name>General</Name>
                  <ValueType>Double</ValueType>
                  <Value>52.26</Value>
                  <Units>GJ</Units>
                </Attribute>
              </Value>
            </Attribute>
          </Value>
        </Attribute>
        <Attribute>
          <UUID>{89a3ac70-47dc-45d9-96b7-6dfd14a1fae0}</UUID>
          <VersionUUID>{8715b7b4-8f78-4030-b9cb-ef659e7e484b}</VersionUUID>
          <Name>DistrictHeating</Name>
          <ValueType>AttributeVector</ValueType>
          <Value>
            <Attribute>
              <UUID>{b0e42d6f-52db-48f8-a317-2369b1eefd7a}</UUID>
              <VersionUUID>{bf30431f-8c03-40d9-ad34-d511858b14db}</VersionUUID>
              <Name>Heating</Name>
              <ValueType>AttributeVector</ValueType>
              <Value>
                <Attribute>
                  <UUID>{9a70b12b-84bc-44a3-870a-0e210ecd95cb}</UUID>
                  <VersionUUID>{55db6358-f9fe-4e09-95af-c27db89d529b}</VersionUUID>
                  <Name>General</Name>
                  <ValueType>Double</ValueType>
                  <Value>136.1</Value>
                  <Units>GJ</Units>
                </Attribute>
              </Value>
            </Attribute>
          </Value>
        </Attribute>
      </Value>
    </Attribute>
    <Attribute>
      <UUID>{2e82b165-ff4e-48ef-9a8f-11d112de6f03}</UUID>
      <VersionUUID>{f3fc559e-6218-4b70-b4c4-67306088cabb}</VersionUUID>
      <Name>CalibrationResult</Name>
      <Source>OpenStudioPostProcess</Source>
      <ValueType>AttributeVector</ValueType>
      <Value>
        <Attribute>
          <UUID>{3fd6d0e9-b2b0-4309-8e79-9d9815628e32}</UUID>
          <VersionUUID>{a04e6e35-72be-4cb1-9918-f57a426ae343}</VersionUUID>
          <Name>utilityBills</Name>
          <ValueType>AttributeVector</ValueType>
          <Value/>
        </Attribute>
      </Value>
    </Attribute>
  </Value>
</Attribute>
