<Attribute>
  <UUID>{f8784ddd-ad97-4c8e-9cc3-038c55a97d53}</UUID>
  <VersionUUID>{72361bb6-9e78-47c4-b5a3-f0ce04c207f6}</VersionUUID>
  <Name>Report</Name>
  <ValueType>AttributeVector</ValueType>
  <Value>
    <Attribute>
      <UUID>{10972004-0be2-478a-abbd-0208349baac8}</UUID>
      <VersionUUID>{6e854986-4cb9-4e40-9f31-610d50e77a1b}</VersionUUID>
      <Name>Total Site Energy</Name>
      <Source>OpenStudioPostProcess</Source>
      <ValueType>Double</ValueType>
      <Value>2536.69</Value>
      <Units>GJ</Units>
    </Attribute>
    <Attribute>
      <UUID>{46502897-8989-4780-a2b5-a4ad9a05a4dd}</UUID>
      <VersionUUID>{a2ba7f4e-b6b0-4886-b143-7a4cac81592f}</VersionUUID>
      <Name>Net Site Energy</Name>
      <Source>OpenStudioPostProcess</Source>
      <ValueType>Double</ValueType>
      <Value>2536.69</Value>
      <Units>GJ</Units>
    </Attribute>
    <Attribute>
      <UUID>{cdd04a41-4c31-42b2-ab2c-191d8fc8e8d1}</UUID>
      <VersionUUID>{7e450f84-95ba-40ce-8f96-6c5b6c1bb43f}</VersionUUID>
      <Name>Total Source Energy</Name>
      <Source>OpenStudioPostProcess</Source>
      <ValueType>Double</ValueType>
      <Value>7564.21</Value>
      <Units>GJ</Units>
    </Attribute>
    <Attribute>
      <UUID>{d135a6ca-aca1-4e88-ba70-dfdbe70208ad}</UUID>
      <VersionUUID>{7ca4b232-8cd4-4d19-add0-3ef738bed55e}</VersionUUID>
      <Name>Net Source Energy</Name>
      <Source>OpenStudioPostProcess</Source>
      <ValueType>Double</ValueType>
      <Value>7564.21</Value>
      <Units>GJ</Units>
    </Attribute>
    <Attribute>
      <UUID>{e3ed219c-f844-4602-bfb4-8179f6b6d2a7}</UUID>
      <VersionUUID>{02966447-bb74-44ff-9564-91157377b0b7}</VersionUUID>
      <Name>Net Site Energy Use Intensity</Name>
      <Source>OpenStudioPostProcess</Source>
      <ValueType>Double</ValueType>
      <Value>704.63</Value>
      <Units>MJ/m^2</Units>
    </Attribute>
    <Attribute>
      <UUID>{e407c70c-db8b-45d7-af19-8d17f5bb96d1}</UUID>
      <VersionUUID>{caed7ce0-e987-4c1a-8c81-b878be417f90}</VersionUUID>
      <Name>Instantaneous Peak Electricity Demand</Name>
      <Source>OpenStudioPostProcess</Source>
      <ValueType>Double</ValueType>
      <Value>81607.66</Value>
      <Units>kW</Units>
    </Attribute>
    <Attribute>
      <UUID>{d7097cbc-03e7-4a1d-813d-18a42ace5da2}</UUID>
      <VersionUUID>{57253e1d-bdcb-4f43-acf5-b9ffa906bc81}</VersionUUID>
      <Name>Electricity Total End Uses</Name>
      <Source>OpenStudioPostProcess</Source>
      <ValueType>Double</ValueType>
      <Value>1334.28</Value>
      <Units>GJ</Units>
    </Attribute>
    <Attribute>
      <UUID>{c070065b-aee6-4afd-abb0-ddb9fc3bc5fa}</UUID>
      <VersionUUID>{b427a24f-e178-4780-b775-802529f82b69}</VersionUUID>
      <Name>Natural Gas Total End Uses</Name>
      <Source>OpenStudioPostProcess</Source>
      <ValueType>Double</ValueType>
      <Value>0</Value>
      <Units>GJ</Units>
    </Attribute>
    <Attribute>
      <UUID>{1f339894-8210-4baf-9281-6e63244787d4}</UUID>
      <VersionUUID>{7484d69a-5ff7-4258-ad05-4d9e45b77c61}</VersionUUID>
      <Name>District Cooling Total End Uses</Name>
      <Source>OpenStudioPostProcess</Source>
      <ValueType>Double</ValueType>
      <Value>393.39</Value>
      <Units>GJ</Units>
    </Attribute>
    <Attribute>
      <UUID>{2c2ed9f9-7042-42b2-90e9-807bacdd7cfe}</UUID>
      <VersionUUID>{d425ef5a-888d-4046-9bf4-90bd9d06b0b1}</VersionUUID>
      <Name>District Heating Total End Uses</Name>
      <Source>OpenStudioPostProcess</Source>
      <ValueType>Double</ValueType>
      <Value>809.02</Value>
      <Units>GJ</Units>
    </Attribute>
    <Attribute>
      <UUID>{9e97ff9d-bcf5-44cb-98ca-d5578c87841f}</UUID>
      <VersionUUID>{1448697d-9e81-469d-b37b-c90dffbc1d22}</VersionUUID>
      <Name>Other Fuel Total End Uses</Name>
      <Source>OpenStudioPostProcess</Source>
      <ValueType>Double</ValueType>
      <Value>0</Value>
      <Units>GJ</Units>
    </Attribute>
    <Attribute>
      <UUID>{d92688ac-6abd-4318-a7a4-3e46dc0409a1}</UUID>
      <VersionUUID>{4497152e-4fc4-4221-b069-211b0a8bad43}</VersionUUID>
      <Name>EndUses.Electricity.InteriorLights.General</Name>
      <Source>OpenStudioPostProcess</Source>
      <ValueType>Double</ValueType>
      <Value>452.17</Value>
      <Units>GJ</Units>
    </Attribute>
    <Attribute>
      <UUID>{617e450c-bc4a-460d-bb00-26c57c9da7a0}</UUID>
      <VersionUUID>{70e0cb28-b692-49f1-8557-de04075b0734}</VersionUUID>
      <Name>EndUses.Electricity.InteriorEquipment.General</Name>
      <Source>OpenStudioPostProcess</Source>
      <ValueType>Double</ValueType>
      <Value>882.11</Value>
      <Units>GJ</Units>
    </Attribute>
    <Attribute>
      <UUID>{099c0cae-8cdb-49dd-b4ac-1b7343c7a4c1}</UUID>
      <VersionUUID>{7763861a-8cfc-480f-9bab-01f0d70a2644}</VersionUUID>
      <Name>EndUses.DistrictCooling.Cooling.General</Name>
      <Source>OpenStudioPostProcess</Source>
      <ValueType>Double</ValueType>
      <Value>393.39</Value>
      <Units>GJ</Units>
    </Attribute>
    <Attribute>
      <UUID>{9be78080-0067-4a48-bc32-ad38bc9b3443}</UUID>
      <VersionUUID>{24acd2ed-5f5c-4221-b69f-a7c2090ece26}</VersionUUID>
      <Name>EndUses.DistrictHeating.Heating.General</Name>
      <Source>OpenStudioPostProcess</Source>
      <ValueType>Double</ValueType>
      <Value>809.02</Value>
      <Units>GJ</Units>
    </Attribute>
    <Attribute>
      <UUID>{16ec0ae8-e223-45ec-83dd-de2d050dfa86}</UUID>
      <VersionUUID>{c7628bac-b803-4bf6-a11f-ae7fb73d7d2b}</VersionUUID>
      <Name>First Year Capital Costs</Name>
      <Source>OpenStudioPostProcess</Source>
      <ValueType>Double</ValueType>
      <Value>0</Value>
      <Units>$</Units>
    </Attribute>
    <Attribute>
      <UUID>{53137419-961f-4f09-838c-ddbadd03234d}</UUID>
      <VersionUUID>{bc908c4d-f9b3-4b92-9de4-1871b31b9db8}</VersionUUID>
      <Name>Total Life Cycle Cost</Name>
      <Source>OpenStudioPostProcess</Source>
      <ValueType>Double</ValueType>
      <Value>0</Value>
      <Units>$</Units>
    </Attribute>
    <Attribute>
      <UUID>{4b418b2e-3b3a-4e9d-a755-0ae466e291f5}</UUID>
      <VersionUUID>{c3af4997-4084-432e-a213-b61720a5b5e1}</VersionUUID>
      <Name>floorArea</Name>
      <DisplayName>Floor Area</DisplayName>
      <Source>OpenStudioPostProcess</Source>
      <ValueType>Double</ValueType>
      <Value>3600</Value>
      <Units>m^2</Units>
    </Attribute>
    <Attribute>
      <UUID>{f76ea6e8-f30b-4cc9-8f6d-8e93f10fce8c}</UUID>
      <VersionUUID>{34855d6b-cc25-4927-a59e-6a275e8ec823}</VersionUUID>
      <Name>conditionedFloorArea</Name>
      <DisplayName>Conditioned Floor Area</DisplayName>
      <Source>OpenStudioPostProcess</Source>
      <ValueType>Double</ValueType>
      <Value>3600</Value>
      <Units>m^2</Units>
    </Attribute>
    <Attribute>
      <UUID>{744b1287-2e8b-4b30-9fc0-c2dc0017513e}</UUID>
      <VersionUUID>{241c9d98-e4e3-48bc-b19e-1ed2f1c7fb03}</VersionUUID>
      <Name>EndUses</Name>
      <Source>OpenStudioPostProcess</Source>
      <ValueType>AttributeVector</ValueType>
      <Value>
        <Attribute>
          <UUID>{485d3a06-3848-4815-a08f-337589643a1f}</UUID>
          <VersionUUID>{488b753d-5c26-4a9a-afee-1b1c8bd28133}</VersionUUID>
          <Name>Electricity</Name>
          <ValueType>AttributeVector</ValueType>
          <Value>
            <Attribute>
              <UUID>{f1945cb5-f558-48d3-93a3-3fa33c16b385}</UUID>
              <VersionUUID>{5b3ca170-2b4a-43f1-8fff-fef3e5eece05}</VersionUUID>
              <Name>InteriorLights</Name>
              <ValueType>AttributeVector</ValueType>
              <Value>
                <Attribute>
                  <UUID>{a69eb78b-22cb-4e70-b191-3275a59ba8bc}</UUID>
                  <VersionUUID>{80dc5ead-bf78-4d23-ae83-49f3d1b4be38}</VersionUUID>
                  <Name>General</Name>
                  <ValueType>Double</ValueType>
                  <Value>452.17</Value>
                  <Units>GJ</Units>
                </Attribute>
              </Value>
            </Attribute>
            <Attribute>
              <UUID>{57704cba-7b2a-4181-a909-d95fd245f79b}</UUID>
              <VersionUUID>{2c97d205-7c16-4699-b7b9-39c6883a3bbf}</VersionUUID>
              <Name>InteriorEquipment</Name>
              <ValueType>AttributeVector</ValueType>
              <Value>
                <Attribute>
                  <UUID>{5d47fd85-6b9f-4bdf-b413-7aba0fb91014}</UUID>
                  <VersionUUID>{95a5609a-1b0b-4965-ab8a-0803c0bcc581}</VersionUUID>
                  <Name>General</Name>
                  <ValueType>Double</ValueType>
                  <Value>882.11</Value>
                  <Units>GJ</Units>
                </Attribute>
              </Value>
            </Attribute>
          </Value>
        </Attribute>
        <Attribute>
          <UUID>{00869bc2-ff0c-4f7e-a52b-314363739d82}</UUID>
          <VersionUUID>{6612b9ec-ed22-4bcc-b524-dfaa5f9b6c7a}</VersionUUID>
          <Name>DistrictCooling</Name>
          <ValueType>AttributeVector</ValueType>
          <Value>
            <Attribute>
              <UUID>{8eada434-1c98-4c25-b9a1-c01319b3d536}</UUID>
              <VersionUUID>{a42a4529-5876-4cb5-9668-2079fdf9a681}</VersionUUID>
              <Name>Cooling</Name>
              <ValueType>AttributeVector</ValueType>
              <Value>
                <Attribute>
                  <UUID>{732bf9bc-9fca-443f-acfd-b69c6da567de}</UUID>
                  <VersionUUID>{b37ba638-a9e7-4ca4-b4e7-b644391e802f}</VersionUUID>
                  <Name>General</Name>
                  <ValueType>Double</ValueType>
                  <Value>393.39</Value>
                  <Units>GJ</Units>
                </Attribute>
              </Value>
            </Attribute>
          </Value>
        </Attribute>
        <Attribute>
          <UUID>{ab5307a3-34ea-4c8e-ab77-3b9ed124c9fe}</UUID>
          <VersionUUID>{ae87f099-cdcd-438d-997a-70539f9d4c4a}</VersionUUID>
          <Name>DistrictHeating</Name>
          <ValueType>AttributeVector</ValueType>
          <Value>
            <Attribute>
              <UUID>{a6535e3b-85b9-4a9c-8ade-dbd68012365a}</UUID>
              <VersionUUID>{844873b0-982b-4c53-a411-6bb8e8e5bcd2}</VersionUUID>
              <Name>Heating</Name>
              <ValueType>AttributeVector</ValueType>
              <Value>
                <Attribute>
                  <UUID>{e548c5e9-cb6a-4140-8828-4b6cd1b51b9e}</UUID>
                  <VersionUUID>{fdf488ab-40d9-4bb4-9660-f7b20905e02a}</VersionUUID>
                  <Name>General</Name>
                  <ValueType>Double</ValueType>
                  <Value>809.02</Value>
                  <Units>GJ</Units>
                </Attribute>
              </Value>
            </Attribute>
          </Value>
        </Attribute>
      </Value>
    </Attribute>
    <Attribute>
      <UUID>{0eb681c2-51e2-479b-92b9-d6fe33321da2}</UUID>
      <VersionUUID>{4ed60541-8a3e-4ccc-88e7-e41f7ede7e83}</VersionUUID>
      <Name>CalibrationResult</Name>
      <Source>OpenStudioPostProcess</Source>
      <ValueType>AttributeVector</ValueType>
      <Value>
        <Attribute>
          <UUID>{e4aeb0b3-d4e2-4ca2-9555-a27d3b081360}</UUID>
          <VersionUUID>{0ded49a4-eaf4-41be-a2bd-4b66f91274bd}</VersionUUID>
          <Name>utilityBills</Name>
          <ValueType>AttributeVector</ValueType>
          <Value/>
        </Attribute>
      </Value>
    </Attribute>
  </Value>
</Attribute>
